tag,stemtag,species.code,species,height.year,height.m,DBH.2008.cm,DBH.2013.cm,DBH.with.height.cm,researcher,publication,publication.doi,data.publication.doi,source.file,source.file.prior
10080,1,prse,,2012,5.5,3,,NA,Jonathan Thompson,"Anderson-Teixeira et al. 2015, Functional Ecology",10.1111/1367-2435.12470,10.5061/dryad.6nc8c,SCBI_tree_heights.csv,Tree height Jonathan.xls (214 trees tab)
10139,1,ceoc,,2012,18.9,41.2,,NA,Jonathan Thompson,"Anderson-Teixeira et al. 2015, Functional Ecology",10.1111/1367-2435.12470,10.5061/dryad.6nc8c,SCBI_tree_heights.csv,Tree height Jonathan.xls (214 trees tab)
10196,1,prse,,2012,20.3,18.1,,NA,Jonathan Thompson,"Anderson-Teixeira et al. 2015, Functional Ecology",10.1111/1367-2435.12470,10.5061/dryad.6nc8c,SCBI_tree_heights.csv,Tree height Jonathan.xls (214 trees tab)
10473,1,prse,,2012,25.1,31.1,,NA,Jonathan Thompson,"Anderson-Teixeira et al. 2015, Functional Ecology",10.1111/1367-2435.12470,10.5061/dryad.6nc8c,SCBI_tree_heights.csv,Tree height Jonathan.xls (214 trees tab)
10590,1,cagl,,2012,30.4,23.2,,NA,Jonathan Thompson,"Anderson-Teixeira et al. 2015, Functional Ecology",10.1111/1367-2435.12470,10.5061/dryad.6nc8c,SCBI_tree_heights.csv,Tree height Jonathan.xls (214 trees tab)
10621,1,cato,,2012,40.6,55.8,,NA,Jonathan Thompson,"Anderson-Teixeira et al. 2015, Functional Ecology",10.1111/1367-2435.12470,10.5061/dryad.6nc8c,SCBI_tree_heights.csv,Tree height Jonathan.xls (214 trees tab)
10669,1,cagl,,2012,43.1,78,,NA,Jonathan Thompson,"Anderson-Teixeira et al. 2015, Functional Ecology",10.1111/1367-2435.12470,10.5061/dryad.6nc8c,SCBI_tree_heights.csv,Tree height Jonathan.xls (214 trees tab)
10677,1,cagl,,2012,16.3,14.2,,NA,Jonathan Thompson,"Anderson-Teixeira et al. 2015, Functional Ecology",10.1111/1367-2435.12470,10.5061/dryad.6nc8c,SCBI_tree_heights.csv,Tree height Jonathan.xls (214 trees tab)
10710,1,cagl,,2012,20.8,22.4,,NA,Jonathan Thompson,"Anderson-Teixeira et al. 2015, Functional Ecology",10.1111/1367-2435.12470,10.5061/dryad.6nc8c,SCBI_tree_heights.csv,Tree height Jonathan.xls (214 trees tab)
10714,1,cagl,,2012,16.4,20.3,,NA,Jonathan Thompson,"Anderson-Teixeira et al. 2015, Functional Ecology",10.1111/1367-2435.12470,10.5061/dryad.6nc8c,SCBI_tree_heights.csv,Tree height Jonathan.xls (214 trees tab)
10718,1,cagl,,2012,4.2,3.3,,NA,Jonathan Thompson,"Anderson-Teixeira et al. 2015, Functional Ecology",10.1111/1367-2435.12470,10.5061/dryad.6nc8c,SCBI_tree_heights.csv,Tree height Jonathan.xls (214 trees tab)
12080,1,cato,,2012,23,31.6,,NA,Jonathan Thompson,"Anderson-Teixeira et al. 2015, Functional Ecology",10.1111/1367-2435.12470,10.5061/dryad.6nc8c,SCBI_tree_heights.csv,Tree height Jonathan.xls (214 trees tab)
12389,1,ceoc,,2012,5.5,11,,NA,Jonathan Thompson,"Anderson-Teixeira et al. 2015, Functional Ecology",10.1111/1367-2435.12470,10.5061/dryad.6nc8c,SCBI_tree_heights.csv,Tree height Jonathan.xls (214 trees tab)
12632,1,ceoc,,2012,3.7,3.2,,NA,Jonathan Thompson,"Anderson-Teixeira et al. 2015, Functional Ecology",10.1111/1367-2435.12470,10.5061/dryad.6nc8c,SCBI_tree_heights.csv,Tree height Jonathan.xls (214 trees tab)
20099,1,ceoc,,2012,18.6,20.3,,NA,Jonathan Thompson,"Anderson-Teixeira et al. 2015, Functional Ecology",10.1111/1367-2435.12470,10.5061/dryad.6nc8c,SCBI_tree_heights.csv,Tree height Jonathan.xls (214 trees tab)
20213,1,ceoc,,2012,14.9,23.8,,NA,Jonathan Thompson,"Anderson-Teixeira et al. 2015, Functional Ecology",10.1111/1367-2435.12470,10.5061/dryad.6nc8c,SCBI_tree_heights.csv,Tree height Jonathan.xls (214 trees tab)
20302,1,ceoc,,2012,15.1,23.4,,NA,Jonathan Thompson,"Anderson-Teixeira et al. 2015, Functional Ecology",10.1111/1367-2435.12470,10.5061/dryad.6nc8c,SCBI_tree_heights.csv,Tree height Jonathan.xls (214 trees tab)
20723,1,aial,,2012,6.1,2.9,,NA,Jonathan Thompson,"Anderson-Teixeira et al. 2015, Functional Ecology",10.1111/1367-2435.12470,10.5061/dryad.6nc8c,SCBI_tree_heights.csv,Tree height Jonathan.xls (214 trees tab)
22039,1,caca,,2012,9.7,15.7,,NA,Jonathan Thompson,"Anderson-Teixeira et al. 2015, Functional Ecology",10.1111/1367-2435.12470,10.5061/dryad.6nc8c,SCBI_tree_heights.csv,Tree height Jonathan.xls (214 trees tab)
22070,1,cato,,2012,38,57.2,,NA,Jonathan Thompson,"Anderson-Teixeira et al. 2015, Functional Ecology",10.1111/1367-2435.12470,10.5061/dryad.6nc8c,SCBI_tree_heights.csv,Tree height Jonathan.xls (214 trees tab)
22282,1,prav,,2012,24.6,40.1,,NA,Jonathan Thompson,"Anderson-Teixeira et al. 2015, Functional Ecology",10.1111/1367-2435.12470,10.5061/dryad.6nc8c,SCBI_tree_heights.csv,Tree height Jonathan.xls (214 trees tab)
30225,1,qual,,2013,22.5,,30.1,NA,Kristina Anderson-Teixeira,"Anderson-Teixeira et al. 2015, Functional Ecology",10.1111/1367-2435.12470,10.5061/dryad.6nc8c,SCBI_tree_heights.csv,
30233,1,fagr,,2013,24.3,,104.7,NA,Kristina Anderson-Teixeira,"Anderson-Teixeira et al. 2015, Functional Ecology",10.1111/1367-2435.12470,10.5061/dryad.6nc8c,SCBI_tree_heights.csv,
30234,1,fagr,,2013,8.3,,7.2,NA,Kristina Anderson-Teixeira,"Anderson-Teixeira et al. 2015, Functional Ecology",10.1111/1367-2435.12470,10.5061/dryad.6nc8c,SCBI_tree_heights.csv,
30235,1,fagr,,2013,3.2,,2.9,NA,Kristina Anderson-Teixeira,"Anderson-Teixeira et al. 2015, Functional Ecology",10.1111/1367-2435.12470,10.5061/dryad.6nc8c,SCBI_tree_heights.csv,
30238,1,prav,,2012,18.8,20.4,,NA,Jonathan Thompson,"Anderson-Teixeira et al. 2015, Functional Ecology",10.1111/1367-2435.12470,10.5061/dryad.6nc8c,SCBI_tree_heights.csv,Tree height Jonathan.xls (214 trees tab)
30256,1,fagr,,2013,31.3,,60.1,NA,Kristina Anderson-Teixeira,"Anderson-Teixeira et al. 2015, Functional Ecology",10.1111/1367-2435.12470,10.5061/dryad.6nc8c,SCBI_tree_heights.csv,
30273,1,fagr,,2013,30.5,,46.2,NA,Kristina Anderson-Teixeira,"Anderson-Teixeira et al. 2015, Functional Ecology",10.1111/1367-2435.12470,10.5061/dryad.6nc8c,SCBI_tree_heights.csv,
30331,1,cagl,,2013,15.6,,21.6,NA,Kristina Anderson-Teixeira,"Anderson-Teixeira et al. 2015, Functional Ecology",10.1111/1367-2435.12470,10.5061/dryad.6nc8c,SCBI_tree_heights.csv,
30332,1,fagr,,2013,3.4,,3.5,NA,Kristina Anderson-Teixeira,"Anderson-Teixeira et al. 2015, Functional Ecology",10.1111/1367-2435.12470,10.5061/dryad.6nc8c,SCBI_tree_heights.csv,
30333,1,fagr,,2013,18.3,,22.2,NA,Kristina Anderson-Teixeira,"Anderson-Teixeira et al. 2015, Functional Ecology",10.1111/1367-2435.12470,10.5061/dryad.6nc8c,SCBI_tree_heights.csv,
30339,1,litu,,2013,27.8,,58.8,NA,Kristina Anderson-Teixeira,"Anderson-Teixeira et al. 2015, Functional Ecology",10.1111/1367-2435.12470,10.5061/dryad.6nc8c,SCBI_tree_heights.csv,
30339,2,litu,,2013,32.2,,50.4,NA,Kristina Anderson-Teixeira,"Anderson-Teixeira et al. 2015, Functional Ecology",10.1111/1367-2435.12470,10.5061/dryad.6nc8c,SCBI_tree_heights.csv,
30339,3,litu,,2013,12.8,,15.3,NA,Kristina Anderson-Teixeira,"Anderson-Teixeira et al. 2015, Functional Ecology",10.1111/1367-2435.12470,10.5061/dryad.6nc8c,SCBI_tree_heights.csv,
30343,1,quru,,2013,27.4,,60,NA,Kristina Anderson-Teixeira,"Anderson-Teixeira et al. 2015, Functional Ecology",10.1111/1367-2435.12470,10.5061/dryad.6nc8c,SCBI_tree_heights.csv,
30408,1,astr,,2012,9.3,6.2,,NA,Jonathan Thompson,"Anderson-Teixeira et al. 2015, Functional Ecology",10.1111/1367-2435.12470,10.5061/dryad.6nc8c,SCBI_tree_heights.csv,Tree height Jonathan.xls (214 trees tab)
30421,1,fagr,,2013,26,,62.2,NA,Kristina Anderson-Teixeira,"Anderson-Teixeira et al. 2015, Functional Ecology",10.1111/1367-2435.12470,10.5061/dryad.6nc8c,SCBI_tree_heights.csv,
32088,1,prav,,2012,12.4,12.5,,NA,Jonathan Thompson,"Anderson-Teixeira et al. 2015, Functional Ecology",10.1111/1367-2435.12470,10.5061/dryad.6nc8c,SCBI_tree_heights.csv,Tree height Jonathan.xls (214 trees tab)
40028,1,ploc,,2012,26.2,44.5,,NA,Jonathan Thompson,"Anderson-Teixeira et al. 2015, Functional Ecology",10.1111/1367-2435.12470,10.5061/dryad.6nc8c,SCBI_tree_heights.csv,Tree height Jonathan.xls (214 trees tab)
40562,1,fagr,,2013,6.5,,8.1,NA,Kristina Anderson-Teixeira,"Anderson-Teixeira et al. 2015, Functional Ecology",10.1111/1367-2435.12470,10.5061/dryad.6nc8c,SCBI_tree_heights.csv,
40563,1,fagr,,2013,27.1,,36.5,NA,Kristina Anderson-Teixeira,"Anderson-Teixeira et al. 2015, Functional Ecology",10.1111/1367-2435.12470,10.5061/dryad.6nc8c,SCBI_tree_heights.csv,
40564,1,fagr,,2013,4.5,,5.8,NA,Kristina Anderson-Teixeira,"Anderson-Teixeira et al. 2015, Functional Ecology",10.1111/1367-2435.12470,10.5061/dryad.6nc8c,SCBI_tree_heights.csv,
40565,1,cagl,,2013,15.3,,18.2,NA,Kristina Anderson-Teixeira,"Anderson-Teixeira et al. 2015, Functional Ecology",10.1111/1367-2435.12470,10.5061/dryad.6nc8c,SCBI_tree_heights.csv,
40566,1,cagl,,2013,25.2,,27,NA,Kristina Anderson-Teixeira,"Anderson-Teixeira et al. 2015, Functional Ecology",10.1111/1367-2435.12470,10.5061/dryad.6nc8c,SCBI_tree_heights.csv,
40567,1,fagr,,2013,6.5,,9.3,NA,Kristina Anderson-Teixeira,"Anderson-Teixeira et al. 2015, Functional Ecology",10.1111/1367-2435.12470,10.5061/dryad.6nc8c,SCBI_tree_heights.csv,
40568,1,fagr,,2013,15.5,,17,NA,Kristina Anderson-Teixeira,"Anderson-Teixeira et al. 2015, Functional Ecology",10.1111/1367-2435.12470,10.5061/dryad.6nc8c,SCBI_tree_heights.csv,
40569,1,litu,,2013,28.2,,28,NA,Kristina Anderson-Teixeira,"Anderson-Teixeira et al. 2015, Functional Ecology",10.1111/1367-2435.12470,10.5061/dryad.6nc8c,SCBI_tree_heights.csv,
40755,1,astr,,2012,7,4.6,,NA,Jonathan Thompson,"Anderson-Teixeira et al. 2015, Functional Ecology",10.1111/1367-2435.12470,10.5061/dryad.6nc8c,SCBI_tree_heights.csv,Tree height Jonathan.xls (214 trees tab)
40773,1,astr,,2012,8.4,6.3,,NA,Jonathan Thompson,"Anderson-Teixeira et al. 2015, Functional Ecology",10.1111/1367-2435.12470,10.5061/dryad.6nc8c,SCBI_tree_heights.csv,Tree height Jonathan.xls (214 trees tab)
40793,1,astr,,2012,10.4,10.6,,NA,Jonathan Thompson,"Anderson-Teixeira et al. 2015, Functional Ecology",10.1111/1367-2435.12470,10.5061/dryad.6nc8c,SCBI_tree_heights.csv,Tree height Jonathan.xls (214 trees tab)
40795,2,astr,,2012,8.1,9.9,,NA,Jonathan Thompson,"Anderson-Teixeira et al. 2015, Functional Ecology",10.1111/1367-2435.12470,10.5061/dryad.6nc8c,SCBI_tree_heights.csv,Tree height Jonathan.xls (214 trees tab)
42009,1,ploc,,2012,34.2,56.3,,NA,Jonathan Thompson,"Anderson-Teixeira et al. 2015, Functional Ecology",10.1111/1367-2435.12470,10.5061/dryad.6nc8c,SCBI_tree_heights.csv,Tree height Jonathan.xls (214 trees tab)
42020,1,ploc,,2012,28.3,50.3,,NA,Jonathan Thompson,"Anderson-Teixeira et al. 2015, Functional Ecology",10.1111/1367-2435.12470,10.5061/dryad.6nc8c,SCBI_tree_heights.csv,Tree height Jonathan.xls (214 trees tab)
42027,1,ploc,,2012,32.8,60.9,,NA,Jonathan Thompson,"Anderson-Teixeira et al. 2015, Functional Ecology",10.1111/1367-2435.12470,10.5061/dryad.6nc8c,SCBI_tree_heights.csv,Tree height Jonathan.xls (214 trees tab)
50019,1,ploc,,2012,8.8,26.8,,NA,Jonathan Thompson,"Anderson-Teixeira et al. 2015, Functional Ecology",10.1111/1367-2435.12470,10.5061/dryad.6nc8c,SCBI_tree_heights.csv,Tree height Jonathan.xls (214 trees tab)
50175,1,prse,,2012,5,5.3,,NA,Jonathan Thompson,"Anderson-Teixeira et al. 2015, Functional Ecology",10.1111/1367-2435.12470,10.5061/dryad.6nc8c,SCBI_tree_heights.csv,Tree height Jonathan.xls (214 trees tab)
50203,1,prav,,2012,24.5,32.2,,NA,Jonathan Thompson,"Anderson-Teixeira et al. 2015, Functional Ecology",10.1111/1367-2435.12470,10.5061/dryad.6nc8c,SCBI_tree_heights.csv,Tree height Jonathan.xls (214 trees tab)
50463,1,aial,,2012,4.8,2.9,,NA,Jonathan Thompson,"Anderson-Teixeira et al. 2015, Functional Ecology",10.1111/1367-2435.12470,10.5061/dryad.6nc8c,SCBI_tree_heights.csv,Tree height Jonathan.xls (214 trees tab)
50650,1,litu,,2013,20.3,,18.4,NA,Kristina Anderson-Teixeira,"Anderson-Teixeira et al. 2015, Functional Ecology",10.1111/1367-2435.12470,10.5061/dryad.6nc8c,SCBI_tree_heights.csv,
50654,1,litu,,2013,37.3,,71.7,NA,Kristina Anderson-Teixeira,"Anderson-Teixeira et al. 2015, Functional Ecology",10.1111/1367-2435.12470,10.5061/dryad.6nc8c,SCBI_tree_heights.csv,
60196,1,cato,,2012,20.6,21.4,,NA,Jonathan Thompson,"Anderson-Teixeira et al. 2015, Functional Ecology",10.1111/1367-2435.12470,10.5061/dryad.6nc8c,SCBI_tree_heights.csv,Tree height Jonathan.xls (214 trees tab)
60198,1,caco,,2012,34.9,45.3,,NA,Jonathan Thompson,"Anderson-Teixeira et al. 2015, Functional Ecology",10.1111/1367-2435.12470,10.5061/dryad.6nc8c,SCBI_tree_heights.csv,Tree height Jonathan.xls (214 trees tab)
60225,1,prav,,2012,23.5,29.2,,NA,Jonathan Thompson,"Anderson-Teixeira et al. 2015, Functional Ecology",10.1111/1367-2435.12470,10.5061/dryad.6nc8c,SCBI_tree_heights.csv,Tree height Jonathan.xls (214 trees tab)
60373,1,aial,,2012,9.5,4.5,,NA,Jonathan Thompson,"Anderson-Teixeira et al. 2015, Functional Ecology",10.1111/1367-2435.12470,10.5061/dryad.6nc8c,SCBI_tree_heights.csv,Tree height Jonathan.xls (214 trees tab)
60456,1,caca,,2013,4.8,,6.5,NA,Kristina Anderson-Teixeira,"Anderson-Teixeira et al. 2015, Functional Ecology",10.1111/1367-2435.12470,10.5061/dryad.6nc8c,SCBI_tree_heights.csv,
60456,2,caca,,2013,4.8,,2.6,NA,Kristina Anderson-Teixeira,"Anderson-Teixeira et al. 2015, Functional Ecology",10.1111/1367-2435.12470,10.5061/dryad.6nc8c,SCBI_tree_heights.csv,
60457,1,caca,,2013,6.8,,10,NA,Kristina Anderson-Teixeira,"Anderson-Teixeira et al. 2015, Functional Ecology",10.1111/1367-2435.12470,10.5061/dryad.6nc8c,SCBI_tree_heights.csv,
60458,1,fagr,,2013,23.2,,27,NA,Kristina Anderson-Teixeira,"Anderson-Teixeira et al. 2015, Functional Ecology",10.1111/1367-2435.12470,10.5061/dryad.6nc8c,SCBI_tree_heights.csv,
60459,1,fagr,,2013,9.2,,10,NA,Kristina Anderson-Teixeira,"Anderson-Teixeira et al. 2015, Functional Ecology",10.1111/1367-2435.12470,10.5061/dryad.6nc8c,SCBI_tree_heights.csv,
60462,1,fagr,,2013,17.2,,27,NA,Kristina Anderson-Teixeira,"Anderson-Teixeira et al. 2015, Functional Ecology",10.1111/1367-2435.12470,10.5061/dryad.6nc8c,SCBI_tree_heights.csv,
60463,1,juni,,2013,25.5,,46.8,NA,Kristina Anderson-Teixeira,"Anderson-Teixeira et al. 2015, Functional Ecology",10.1111/1367-2435.12470,10.5061/dryad.6nc8c,SCBI_tree_heights.csv,
60468,1,caca,,2013,4.6,,6.7,NA,Kristina Anderson-Teixeira,"Anderson-Teixeira et al. 2015, Functional Ecology",10.1111/1367-2435.12470,10.5061/dryad.6nc8c,SCBI_tree_heights.csv,
60468,2,caca,,2013,4.6,,4.5,NA,Kristina Anderson-Teixeira,"Anderson-Teixeira et al. 2015, Functional Ecology",10.1111/1367-2435.12470,10.5061/dryad.6nc8c,SCBI_tree_heights.csv,
60469,2,cofl,,2013,7.5,,7,NA,Kristina Anderson-Teixeira,"Anderson-Teixeira et al. 2015, Functional Ecology",10.1111/1367-2435.12470,10.5061/dryad.6nc8c,SCBI_tree_heights.csv,
60476,1,caca,,2012,7,8.2,,NA,Jonathan Thompson,"Anderson-Teixeira et al. 2015, Functional Ecology",10.1111/1367-2435.12470,10.5061/dryad.6nc8c,SCBI_tree_heights.csv,Tree height Jonathan.xls (214 trees tab)
60483,1,caca,,2012,7.6,15,,NA,Jonathan Thompson,"Anderson-Teixeira et al. 2015, Functional Ecology",10.1111/1367-2435.12470,10.5061/dryad.6nc8c,SCBI_tree_heights.csv,Tree height Jonathan.xls (214 trees tab)
60485,1,cato,,2012,22.7,37.3,,NA,Jonathan Thompson,"Anderson-Teixeira et al. 2015, Functional Ecology",10.1111/1367-2435.12470,10.5061/dryad.6nc8c,SCBI_tree_heights.csv,Tree height Jonathan.xls (214 trees tab)
60489,1,cato,,2012,7.7,3.5,,NA,Jonathan Thompson,"Anderson-Teixeira et al. 2015, Functional Ecology",10.1111/1367-2435.12470,10.5061/dryad.6nc8c,SCBI_tree_heights.csv,Tree height Jonathan.xls (214 trees tab)
60493,1,ploc,,2012,24.5,33.2,,NA,Jonathan Thompson,"Anderson-Teixeira et al. 2015, Functional Ecology",10.1111/1367-2435.12470,10.5061/dryad.6nc8c,SCBI_tree_heights.csv,Tree height Jonathan.xls (214 trees tab)
60494,1,cato,,2012,20.1,21.5,,NA,Jonathan Thompson,"Anderson-Teixeira et al. 2015, Functional Ecology",10.1111/1367-2435.12470,10.5061/dryad.6nc8c,SCBI_tree_heights.csv,Tree height Jonathan.xls (214 trees tab)
60500,1,caca,,2012,6.6,9,,NA,Jonathan Thompson,"Anderson-Teixeira et al. 2015, Functional Ecology",10.1111/1367-2435.12470,10.5061/dryad.6nc8c,SCBI_tree_heights.csv,Tree height Jonathan.xls (214 trees tab)
60562,1,fagr,,2013,9.9,,12.4,NA,Kristina Anderson-Teixeira,"Anderson-Teixeira et al. 2015, Functional Ecology",10.1111/1367-2435.12470,10.5061/dryad.6nc8c,SCBI_tree_heights.csv,
60563,1,caca,,2013,8.8,,8.8,NA,Kristina Anderson-Teixeira,"Anderson-Teixeira et al. 2015, Functional Ecology",10.1111/1367-2435.12470,10.5061/dryad.6nc8c,SCBI_tree_heights.csv,
60566,1,fagr,,2013,17.4,,19.4,NA,Kristina Anderson-Teixeira,"Anderson-Teixeira et al. 2015, Functional Ecology",10.1111/1367-2435.12470,10.5061/dryad.6nc8c,SCBI_tree_heights.csv,
60567,1,litu,,2013,38.6,,53.7,NA,Kristina Anderson-Teixeira,"Anderson-Teixeira et al. 2015, Functional Ecology",10.1111/1367-2435.12470,10.5061/dryad.6nc8c,SCBI_tree_heights.csv,
60568,1,caca,,2013,7.3,,9,NA,Kristina Anderson-Teixeira,"Anderson-Teixeira et al. 2015, Functional Ecology",10.1111/1367-2435.12470,10.5061/dryad.6nc8c,SCBI_tree_heights.csv,
60569,1,caca,,2013,9.1,,9,NA,Kristina Anderson-Teixeira,"Anderson-Teixeira et al. 2015, Functional Ecology",10.1111/1367-2435.12470,10.5061/dryad.6nc8c,SCBI_tree_heights.csv,
60570,1,caco,,2013,18.6,,39.6,NA,Kristina Anderson-Teixeira,"Anderson-Teixeira et al. 2015, Functional Ecology",10.1111/1367-2435.12470,10.5061/dryad.6nc8c,SCBI_tree_heights.csv,
60571,1,caca,,2013,6.6,,11.6,NA,Kristina Anderson-Teixeira,"Anderson-Teixeira et al. 2015, Functional Ecology",10.1111/1367-2435.12470,10.5061/dryad.6nc8c,SCBI_tree_heights.csv,
60573,1,tiam,,2013,21.1,,25.9,NA,Kristina Anderson-Teixeira,"Anderson-Teixeira et al. 2015, Functional Ecology",10.1111/1367-2435.12470,10.5061/dryad.6nc8c,SCBI_tree_heights.csv,
60575,1,caca,,2013,5.6,,5.1,NA,Kristina Anderson-Teixeira,"Anderson-Teixeira et al. 2015, Functional Ecology",10.1111/1367-2435.12470,10.5061/dryad.6nc8c,SCBI_tree_heights.csv,
60576,1,caca,,2013,8.4,,9.5,NA,Kristina Anderson-Teixeira,"Anderson-Teixeira et al. 2015, Functional Ecology",10.1111/1367-2435.12470,10.5061/dryad.6nc8c,SCBI_tree_heights.csv,
60577,1,litu,,2013,33.5,,54.6,NA,Kristina Anderson-Teixeira,"Anderson-Teixeira et al. 2015, Functional Ecology",10.1111/1367-2435.12470,10.5061/dryad.6nc8c,SCBI_tree_heights.csv,
60578,1,caca,,2013,4.2,,7.9,NA,Kristina Anderson-Teixeira,"Anderson-Teixeira et al. 2015, Functional Ecology",10.1111/1367-2435.12470,10.5061/dryad.6nc8c,SCBI_tree_heights.csv,
60579,1,caca,,2013,5.2,,7.6,NA,Kristina Anderson-Teixeira,"Anderson-Teixeira et al. 2015, Functional Ecology",10.1111/1367-2435.12470,10.5061/dryad.6nc8c,SCBI_tree_heights.csv,
60581,1,litu,,2013,31.8,,68.5,NA,Kristina Anderson-Teixeira,"Anderson-Teixeira et al. 2015, Functional Ecology",10.1111/1367-2435.12470,10.5061/dryad.6nc8c,SCBI_tree_heights.csv,
60582,1,quru,,2013,22.6,,28.5,NA,Kristina Anderson-Teixeira,"Anderson-Teixeira et al. 2015, Functional Ecology",10.1111/1367-2435.12470,10.5061/dryad.6nc8c,SCBI_tree_heights.csv,
60586,1,caca,,2013,5.1,,6.3,NA,Kristina Anderson-Teixeira,"Anderson-Teixeira et al. 2015, Functional Ecology",10.1111/1367-2435.12470,10.5061/dryad.6nc8c,SCBI_tree_heights.csv,
60587,1,caca,,2013,5.6,,7.1,NA,Kristina Anderson-Teixeira,"Anderson-Teixeira et al. 2015, Functional Ecology",10.1111/1367-2435.12470,10.5061/dryad.6nc8c,SCBI_tree_heights.csv,
60588,1,caco,,2013,25.1,,29.2,NA,Kristina Anderson-Teixeira,"Anderson-Teixeira et al. 2015, Functional Ecology",10.1111/1367-2435.12470,10.5061/dryad.6nc8c,SCBI_tree_heights.csv,
60589,1,caca,,2013,5.6,,8.4,NA,Kristina Anderson-Teixeira,"Anderson-Teixeira et al. 2015, Functional Ecology",10.1111/1367-2435.12470,10.5061/dryad.6nc8c,SCBI_tree_heights.csv,
60589,2,caca,,2013,4.4,,6,NA,Kristina Anderson-Teixeira,"Anderson-Teixeira et al. 2015, Functional Ecology",10.1111/1367-2435.12470,10.5061/dryad.6nc8c,SCBI_tree_heights.csv,
60600,1,caca,,2012,12.4,17.9,,NA,Jonathan Thompson,"Anderson-Teixeira et al. 2015, Functional Ecology",10.1111/1367-2435.12470,10.5061/dryad.6nc8c,SCBI_tree_heights.csv,Tree height Jonathan.xls (214 trees tab)
62247,1,cato,,2012,32.2,55.5,,NA,Jonathan Thompson,"Anderson-Teixeira et al. 2015, Functional Ecology",10.1111/1367-2435.12470,10.5061/dryad.6nc8c,SCBI_tree_heights.csv,Tree height Jonathan.xls (214 trees tab)
70492,1,nysy,,2013,20,,20,NA,Kristina Anderson-Teixeira,"Anderson-Teixeira et al. 2015, Functional Ecology",10.1111/1367-2435.12470,10.5061/dryad.6nc8c,SCBI_tree_heights.csv,
70493,1,litu,,2013,24.2,,53.9,NA,Kristina Anderson-Teixeira,"Anderson-Teixeira et al. 2015, Functional Ecology",10.1111/1367-2435.12470,10.5061/dryad.6nc8c,SCBI_tree_heights.csv,
70494,1,caca,,2013,9.9,,7.7,NA,Kristina Anderson-Teixeira,"Anderson-Teixeira et al. 2015, Functional Ecology",10.1111/1367-2435.12470,10.5061/dryad.6nc8c,SCBI_tree_heights.csv,
70494,2,caca,,2013,6.8,,6,NA,Kristina Anderson-Teixeira,"Anderson-Teixeira et al. 2015, Functional Ecology",10.1111/1367-2435.12470,10.5061/dryad.6nc8c,SCBI_tree_heights.csv,
70495,1,caca,,2013,5.2,,6.8,NA,Kristina Anderson-Teixeira,"Anderson-Teixeira et al. 2015, Functional Ecology",10.1111/1367-2435.12470,10.5061/dryad.6nc8c,SCBI_tree_heights.csv,
70598,1,cato,,2012,14.4,9.8,,NA,Jonathan Thompson,"Anderson-Teixeira et al. 2015, Functional Ecology",10.1111/1367-2435.12470,10.5061/dryad.6nc8c,SCBI_tree_heights.csv,Tree height Jonathan.xls (214 trees tab)
80019,1,prse,,2012,5.3,3.8,,NA,Jonathan Thompson,"Anderson-Teixeira et al. 2015, Functional Ecology",10.1111/1367-2435.12470,10.5061/dryad.6nc8c,SCBI_tree_heights.csv,Tree height Jonathan.xls (214 trees tab)
80037,1,prav,,2012,21,18.8,,NA,Jonathan Thompson,"Anderson-Teixeira et al. 2015, Functional Ecology",10.1111/1367-2435.12470,10.5061/dryad.6nc8c,SCBI_tree_heights.csv,Tree height Jonathan.xls (214 trees tab)
80053,1,prse,,2012,11,13.2,,NA,Jonathan Thompson,"Anderson-Teixeira et al. 2015, Functional Ecology",10.1111/1367-2435.12470,10.5061/dryad.6nc8c,SCBI_tree_heights.csv,Tree height Jonathan.xls (214 trees tab)
80234,1,prav,,2012,17.4,14.8,,NA,Jonathan Thompson,"Anderson-Teixeira et al. 2015, Functional Ecology",10.1111/1367-2435.12470,10.5061/dryad.6nc8c,SCBI_tree_heights.csv,Tree height Jonathan.xls (214 trees tab)
80580,,,Acer rubrum,2015,24.70286659,,32.3,32.9,Atticus Stovall,"Stovall et al. 2018, Forest Ecology and Management",10.1111/1367-2435.12470,10.5061/dryad.6nc8c,SCBI_tree_heights.csv,Tree height Jonathan.xls (214 trees tab)
80582,1,prav,,2012,23.8,22.1,,NA,Jonathan Thompson,"Anderson-Teixeira et al. 2015, Functional Ecology",10.1111/1367-2435.12470,10.5061/dryad.6nc8c,SCBI_tree_heights.csv,Tree height Jonathan.xls (214 trees tab)
80582,1,,Prunus avium,2015,21.81799053,,24.18,25,Atticus Stovall,"Stovall et al. 2018, Forest Ecology and Management",10.1111/1367-2435.12470,10.5061/dryad.6nc8c,SCBI_tree_heights.csv,Tree height Jonathan.xls (214 trees tab)
80585,,,Acer rubrum,2015,8.663971755,,9.72,10.5,Atticus Stovall,"Stovall et al. 2018, Forest Ecology and Management",10.1111/1367-2435.12470,10.5061/dryad.6nc8c,SCBI_tree_heights.csv,Tree height Jonathan.xls (214 trees tab)
82027,,,Acer rubrum,2015,23.35314055,,16.06,17,Atticus Stovall,"Stovall et al. 2018, Forest Ecology and Management",10.1111/1367-2435.12470,10.5061/dryad.6nc8c,SCBI_tree_heights.csv,Tree height Jonathan.xls (214 trees tab)
82060,,,Carya glabra,2015,28.67121183,,36.36,37.5,Atticus Stovall,"Stovall et al. 2018, Forest Ecology and Management",10.1111/1367-2435.12470,10.5061/dryad.6nc8c,SCBI_tree_heights.csv,Tree height Jonathan.xls (214 trees tab)
82065,,,Carya glabra,2015,16.02392665,,18.53,18.9,Atticus Stovall,"Stovall et al. 2018, Forest Ecology and Management",10.1111/1367-2435.12470,10.5061/dryad.6nc8c,SCBI_tree_heights.csv,Tree height Jonathan.xls (214 trees tab)
82104,,,Nyssa sylvatica,2015,16.76419049,,21.41,21.4,Atticus Stovall,"Stovall et al. 2018, Forest Ecology and Management",10.1111/1367-2435.12470,10.5061/dryad.6nc8c,SCBI_tree_heights.csv,Tree height Jonathan.xls (214 trees tab)
82109,,,Acer rubrum,2015,4.332958591,,5.49,5.55,Atticus Stovall,"Stovall et al. 2018, Forest Ecology and Management",10.1111/1367-2435.12470,10.5061/dryad.6nc8c,SCBI_tree_heights.csv,Tree height Jonathan.xls (214 trees tab)
82140,,,Quercus alba,2015,30.94291859,,59.02,59.7,Atticus Stovall,"Stovall et al. 2018, Forest Ecology and Management",10.1111/1367-2435.12470,10.5061/dryad.6nc8c,SCBI_tree_heights.csv,Tree height Jonathan.xls (214 trees tab)
82183,,,Nyssa sylvatica,2015,19.40856161,,19,19.1,Atticus Stovall,"Stovall et al. 2018, Forest Ecology and Management",10.1111/1367-2435.12470,10.5061/dryad.6nc8c,SCBI_tree_heights.csv,Tree height Jonathan.xls (214 trees tab)
82210,,,Carya glabra,2015,11.55222572,,8.99,9.1,Atticus Stovall,"Stovall et al. 2018, Forest Ecology and Management",10.1111/1367-2435.12470,10.5061/dryad.6nc8c,SCBI_tree_heights.csv,Tree height Jonathan.xls (214 trees tab)
82228,,,Quercus rubra,2015,34.14830775,,59.85,58.9,Atticus Stovall,"Stovall et al. 2018, Forest Ecology and Management",10.1111/1367-2435.12470,10.5061/dryad.6nc8c,SCBI_tree_heights.csv,Tree height Jonathan.xls (214 trees tab)
82232,,,Carya glabra,2015,11.28492677,,11.91,12.2,Atticus Stovall,"Stovall et al. 2018, Forest Ecology and Management",10.1111/1367-2435.12470,10.5061/dryad.6nc8c,SCBI_tree_heights.csv,Tree height Jonathan.xls (214 trees tab)
82251,,,Quercus alba,2015,37.44260626,,61.58,62.3,Atticus Stovall,"Stovall et al. 2018, Forest Ecology and Management",10.1111/1367-2435.12470,10.5061/dryad.6nc8c,SCBI_tree_heights.csv,Tree height Jonathan.xls (214 trees tab)
82253,,,Liriodendron tulipifera,2015,16.44516488,,15.3,15.7,Atticus Stovall,"Stovall et al. 2018, Forest Ecology and Management",10.1111/1367-2435.12470,10.5061/dryad.6nc8c,SCBI_tree_heights.csv,Tree height Jonathan.xls (214 trees tab)
82368,,,Liriodendron tulipifera,2015,41.00877883,,99.39,99.6,Atticus Stovall,"Stovall et al. 2018, Forest Ecology and Management",10.1111/1367-2435.12470,10.5061/dryad.6nc8c,SCBI_tree_heights.csv,Tree height Jonathan.xls (214 trees tab)
82374,,,Liriodendron tulipifera,2015,20.32440343,,31.86,32.1,Atticus Stovall,"Stovall et al. 2018, Forest Ecology and Management",10.1111/1367-2435.12470,10.5061/dryad.6nc8c,SCBI_tree_heights.csv,Tree height Jonathan.xls (214 trees tab)
82407,,,Liriodendron tulipifera,2015,40.47660891,,72.2,73.4,Atticus Stovall,"Stovall et al. 2018, Forest Ecology and Management",10.1111/1367-2435.12470,10.5061/dryad.6nc8c,SCBI_tree_heights.csv,Tree height Jonathan.xls (214 trees tab)
83201,,,Carya glabra,2015,19.32221224,,18,19,Atticus Stovall,"Stovall et al. 2018, Forest Ecology and Management",10.1111/1367-2435.12470,10.5061/dryad.6nc8c,SCBI_tree_heights.csv,Tree height Jonathan.xls (214 trees tab)
83202,,,Amelanchier arborea,2015,5.374762579,,7.19,11.3,Atticus Stovall,"Stovall et al. 2018, Forest Ecology and Management",10.1111/1367-2435.12470,10.5061/dryad.6nc8c,SCBI_tree_heights.csv,Tree height Jonathan.xls (214 trees tab)
90177,1,prse,,2012,25,58.1,,NA,Jonathan Thompson,"Anderson-Teixeira et al. 2015, Functional Ecology",10.1111/1367-2435.12470,10.5061/dryad.6nc8c,SCBI_tree_heights.csv,Tree height Jonathan.xls (214 trees tab)
90231,1,prse,,2012,14.3,14.4,,NA,Jonathan Thompson,"Anderson-Teixeira et al. 2015, Functional Ecology",10.1111/1367-2435.12470,10.5061/dryad.6nc8c,SCBI_tree_heights.csv,Tree height Jonathan.xls (214 trees tab)
90673,1,caca,,2012,7.5,6.7,,NA,Jonathan Thompson,"Anderson-Teixeira et al. 2015, Functional Ecology",10.1111/1367-2435.12470,10.5061/dryad.6nc8c,SCBI_tree_heights.csv,Tree height Jonathan.xls (214 trees tab)
90673,2,caca,,2012,5.7,3.7,,NA,Jonathan Thompson,"Anderson-Teixeira et al. 2015, Functional Ecology",10.1111/1367-2435.12470,10.5061/dryad.6nc8c,SCBI_tree_heights.csv,Tree height Jonathan.xls (214 trees tab)
90677,1,caca,,2012,4.9,5.8,,NA,Jonathan Thompson,"Anderson-Teixeira et al. 2015, Functional Ecology",10.1111/1367-2435.12470,10.5061/dryad.6nc8c,SCBI_tree_heights.csv,Tree height Jonathan.xls (214 trees tab)
90684,1,ploc,,2012,26,41,,NA,Jonathan Thompson,"Anderson-Teixeira et al. 2015, Functional Ecology",10.1111/1367-2435.12470,10.5061/dryad.6nc8c,SCBI_tree_heights.csv,Tree height Jonathan.xls (214 trees tab)
92012,,,Carpinus caroliniana,2015,5.342900545,,5.44,5.6,Atticus Stovall,"Stovall et al. 2018, Forest Ecology and Management",10.1111/1367-2435.12470,10.5061/dryad.6nc8c,SCBI_tree_heights.csv,Tree height Jonathan.xls (214 trees tab)
92016,,,Quercus rubra,2015,28.11660159,,63.8,65.55,Atticus Stovall,"Stovall et al. 2018, Forest Ecology and Management",10.1111/1367-2435.12470,10.5061/dryad.6nc8c,SCBI_tree_heights.csv,Tree height Jonathan.xls (214 trees tab)
92023,1,prav,,2012,9.1,8.9,,NA,Jonathan Thompson,"Anderson-Teixeira et al. 2015, Functional Ecology",10.1111/1367-2435.12470,10.5061/dryad.6nc8c,SCBI_tree_heights.csv,Tree height Jonathan.xls (214 trees tab)
92053,,,Carya tomentosa,2015,4.948900317,,5,5.1,Atticus Stovall,"Stovall et al. 2018, Forest Ecology and Management",10.1111/1367-2435.12470,10.5061/dryad.6nc8c,SCBI_tree_heights.csv,Tree height Jonathan.xls (214 trees tab)
92085,,,Quercus alba,2015,32.30703808,,58.45,59.8,Atticus Stovall,"Stovall et al. 2018, Forest Ecology and Management",10.1111/1367-2435.12470,10.5061/dryad.6nc8c,SCBI_tree_heights.csv,Tree height Jonathan.xls (214 trees tab)
92124,,,Acer rubrum,2015,14.22808377,,16.72,16.6,Atticus Stovall,"Stovall et al. 2018, Forest Ecology and Management",10.1111/1367-2435.12470,10.5061/dryad.6nc8c,SCBI_tree_heights.csv,Tree height Jonathan.xls (214 trees tab)
92127,,,Carya glabra,2015,3.994415579,,2.9,2.9,Atticus Stovall,"Stovall et al. 2018, Forest Ecology and Management",10.1111/1367-2435.12470,10.5061/dryad.6nc8c,SCBI_tree_heights.csv,Tree height Jonathan.xls (214 trees tab)
92172,,,Liriodendron tulipifera,2015,31.9776762,,44.49,46.2,Atticus Stovall,"Stovall et al. 2018, Forest Ecology and Management",10.1111/1367-2435.12470,10.5061/dryad.6nc8c,SCBI_tree_heights.csv,Tree height Jonathan.xls (214 trees tab)
92214,,,Liriodendron tulipifera,2015,35.34736009,,49.92,51.2,Atticus Stovall,"Stovall et al. 2018, Forest Ecology and Management",10.1111/1367-2435.12470,10.5061/dryad.6nc8c,SCBI_tree_heights.csv,Tree height Jonathan.xls (214 trees tab)
92249,,,Nyssa sylvatica,2015,15.16372223,,20.54,20.8,Atticus Stovall,"Stovall et al. 2018, Forest Ecology and Management",10.1111/1367-2435.12470,10.5061/dryad.6nc8c,SCBI_tree_heights.csv,Tree height Jonathan.xls (214 trees tab)
92261,1,prse,,2012,7.2,10,,NA,Jonathan Thompson,"Anderson-Teixeira et al. 2015, Functional Ecology",10.1111/1367-2435.12470,10.5061/dryad.6nc8c,SCBI_tree_heights.csv,Tree height Jonathan.xls (214 trees tab)
92289,1,astr,,2012,2.5,1.5,,NA,Jonathan Thompson,"Anderson-Teixeira et al. 2015, Functional Ecology",10.1111/1367-2435.12470,10.5061/dryad.6nc8c,SCBI_tree_heights.csv,Tree height Jonathan.xls (214 trees tab)
92294,1,astr,,2012,3.1,2.5,,NA,Jonathan Thompson,"Anderson-Teixeira et al. 2015, Functional Ecology",10.1111/1367-2435.12470,10.5061/dryad.6nc8c,SCBI_tree_heights.csv,Tree height Jonathan.xls (214 trees tab)
92380,,,Cornus florida,2015,5.550586843,,8.3,8,Atticus Stovall,"Stovall et al. 2018, Forest Ecology and Management",10.1111/1367-2435.12470,10.5061/dryad.6nc8c,SCBI_tree_heights.csv,Tree height Jonathan.xls (214 trees tab)
92385,,,Carya glabra,2015,5.658444032,,5.87,6.1,Atticus Stovall,"Stovall et al. 2018, Forest Ecology and Management",10.1111/1367-2435.12470,10.5061/dryad.6nc8c,SCBI_tree_heights.csv,Tree height Jonathan.xls (214 trees tab)
92387,,,Liriodendron tulipifera,2015,34.77072731,,54.1,55.55,Atticus Stovall,"Stovall et al. 2018, Forest Ecology and Management",10.1111/1367-2435.12470,10.5061/dryad.6nc8c,SCBI_tree_heights.csv,Tree height Jonathan.xls (214 trees tab)
92389,,,Liriodendron tulipifera,2015,25.5573948,,26.62,27,Atticus Stovall,"Stovall et al. 2018, Forest Ecology and Management",10.1111/1367-2435.12470,10.5061/dryad.6nc8c,SCBI_tree_heights.csv,Tree height Jonathan.xls (214 trees tab)
92397,,,Viburnum prunifolium,2015,6.523399091,,6.42,6.6,Atticus Stovall,"Stovall et al. 2018, Forest Ecology and Management",10.1111/1367-2435.12470,10.5061/dryad.6nc8c,SCBI_tree_heights.csv,Tree height Jonathan.xls (214 trees tab)
92414,,,Liriodendron tulipifera,2015,35.77831877,,43.28,43.8,Atticus Stovall,"Stovall et al. 2018, Forest Ecology and Management",10.1111/1367-2435.12470,10.5061/dryad.6nc8c,SCBI_tree_heights.csv,Tree height Jonathan.xls (214 trees tab)
92415,,,Nyssa sylvatica,2015,15.80921715,,20.68,20.9,Atticus Stovall,"Stovall et al. 2018, Forest Ecology and Management",10.1111/1367-2435.12470,10.5061/dryad.6nc8c,SCBI_tree_heights.csv,Tree height Jonathan.xls (214 trees tab)
92443,,,Quercus rubra,2015,36.42725934,,75.59,77.6,Atticus Stovall,"Stovall et al. 2018, Forest Ecology and Management",10.1111/1367-2435.12470,10.5061/dryad.6nc8c,SCBI_tree_heights.csv,Tree height Jonathan.xls (214 trees tab)
92446,,,Prunus avium,2015,7.762774047,,8.01,8.3,Atticus Stovall,"Stovall et al. 2018, Forest Ecology and Management",10.1111/1367-2435.12470,10.5061/dryad.6nc8c,SCBI_tree_heights.csv,Tree height Jonathan.xls (214 trees tab)
92447,,,Liriodendron tulipifera,2015,22.97785726,,16.68,17.5,Atticus Stovall,"Stovall et al. 2018, Forest Ecology and Management",10.1111/1367-2435.12470,10.5061/dryad.6nc8c,SCBI_tree_heights.csv,Tree height Jonathan.xls (214 trees tab)
92459,,,Nyssa sylvatica,2015,4.95609493,,6.55,7.1,Atticus Stovall,"Stovall et al. 2018, Forest Ecology and Management",10.1111/1367-2435.12470,10.5061/dryad.6nc8c,SCBI_tree_heights.csv,Tree height Jonathan.xls (214 trees tab)
92466,,,Liriodendron tulipifera,2015,47.70237391,,83.45,84.2,Atticus Stovall,"Stovall et al. 2018, Forest Ecology and Management",10.1111/1367-2435.12470,10.5061/dryad.6nc8c,SCBI_tree_heights.csv,Tree height Jonathan.xls (214 trees tab)
92472,,,Carya ovalis,2015,22.73284053,,29.51,29.8,Atticus Stovall,"Stovall et al. 2018, Forest Ecology and Management",10.1111/1367-2435.12470,10.5061/dryad.6nc8c,SCBI_tree_heights.csv,Tree height Jonathan.xls (214 trees tab)
92494,,,Carya tomentosa,2015,8.574374158,,7.01,7.3,Atticus Stovall,"Stovall et al. 2018, Forest Ecology and Management",10.1111/1367-2435.12470,10.5061/dryad.6nc8c,SCBI_tree_heights.csv,Tree height Jonathan.xls (214 trees tab)
92500,,,Carya tomentosa,2015,16.67443941,,15.11,15.6,Atticus Stovall,"Stovall et al. 2018, Forest Ecology and Management",10.1111/1367-2435.12470,10.5061/dryad.6nc8c,SCBI_tree_heights.csv,Tree height Jonathan.xls (214 trees tab)
92516,,,Liriodendron tulipifera,2015,44.30760144,,63.19,64.7,Atticus Stovall,"Stovall et al. 2018, Forest Ecology and Management",10.1111/1367-2435.12470,10.5061/dryad.6nc8c,SCBI_tree_heights.csv,Tree height Jonathan.xls (214 trees tab)
92517,,,Cercis canadensis,2015,5.189059448,,6,6.3,Atticus Stovall,"Stovall et al. 2018, Forest Ecology and Management",10.1111/1367-2435.12470,10.5061/dryad.6nc8c,SCBI_tree_heights.csv,Tree height Jonathan.xls (214 trees tab)
92539,,,Liriodendron tulipifera,2015,24.27228702,,30.3,30.6,Atticus Stovall,"Stovall et al. 2018, Forest Ecology and Management",10.1111/1367-2435.12470,10.5061/dryad.6nc8c,SCBI_tree_heights.csv,Tree height Jonathan.xls (214 trees tab)
92544,,,Cercis canadensis,2015,4.703174817,,6.71,5.9,Atticus Stovall,"Stovall et al. 2018, Forest Ecology and Management",10.1111/1367-2435.12470,10.5061/dryad.6nc8c,SCBI_tree_heights.csv,Tree height Jonathan.xls (214 trees tab)
101117,1,cato,,2012,17.4,20.9,,NA,Jonathan Thompson,"Anderson-Teixeira et al. 2015, Functional Ecology",10.1111/1367-2435.12470,10.5061/dryad.6nc8c,SCBI_tree_heights.csv,Tree height Jonathan.xls (214 trees tab)
102038,1,cagl,,2012,33.2,35.2,,NA,Jonathan Thompson,"Anderson-Teixeira et al. 2015, Functional Ecology",10.1111/1367-2435.12470,10.5061/dryad.6nc8c,SCBI_tree_heights.csv,Tree height Jonathan.xls (214 trees tab)
102082,1,cagl,,2012,18.4,24.4,,NA,Jonathan Thompson,"Anderson-Teixeira et al. 2015, Functional Ecology",10.1111/1367-2435.12470,10.5061/dryad.6nc8c,SCBI_tree_heights.csv,Tree height Jonathan.xls (214 trees tab)
102083,1,cagl,,2012,29.7,32.3,,NA,Jonathan Thompson,"Anderson-Teixeira et al. 2015, Functional Ecology",10.1111/1367-2435.12470,10.5061/dryad.6nc8c,SCBI_tree_heights.csv,Tree height Jonathan.xls (214 trees tab)
102108,1,cagl,,2012,14.7,10.1,,NA,Jonathan Thompson,"Anderson-Teixeira et al. 2015, Functional Ecology",10.1111/1367-2435.12470,10.5061/dryad.6nc8c,SCBI_tree_heights.csv,Tree height Jonathan.xls (214 trees tab)
102117,1,cagl,,2012,14.5,16.5,,NA,Jonathan Thompson,"Anderson-Teixeira et al. 2015, Functional Ecology",10.1111/1367-2435.12470,10.5061/dryad.6nc8c,SCBI_tree_heights.csv,Tree height Jonathan.xls (214 trees tab)
102119,1,cagl,,2012,20.6,15.8,,NA,Jonathan Thompson,"Anderson-Teixeira et al. 2015, Functional Ecology",10.1111/1367-2435.12470,10.5061/dryad.6nc8c,SCBI_tree_heights.csv,Tree height Jonathan.xls (214 trees tab)
102121,1,cagl,,2012,9.5,7.9,,NA,Jonathan Thompson,"Anderson-Teixeira et al. 2015, Functional Ecology",10.1111/1367-2435.12470,10.5061/dryad.6nc8c,SCBI_tree_heights.csv,Tree height Jonathan.xls (214 trees tab)
102223,1,prse,,2012,5.7,9.1,,NA,Jonathan Thompson,"Anderson-Teixeira et al. 2015, Functional Ecology",10.1111/1367-2435.12470,10.5061/dryad.6nc8c,SCBI_tree_heights.csv,Tree height Jonathan.xls (214 trees tab)
102379,1,prav,,2012,21.8,20.2,,NA,Jonathan Thompson,"Anderson-Teixeira et al. 2015, Functional Ecology",10.1111/1367-2435.12470,10.5061/dryad.6nc8c,SCBI_tree_heights.csv,Tree height Jonathan.xls (214 trees tab)
110403,2,astr,,2012,7.8,9.7,,NA,Jonathan Thompson,"Anderson-Teixeira et al. 2015, Functional Ecology",10.1111/1367-2435.12470,10.5061/dryad.6nc8c,SCBI_tree_heights.csv,Tree height Jonathan.xls (214 trees tab)
110682,1,caca,,2012,5.2,2.4,,NA,Jonathan Thompson,"Anderson-Teixeira et al. 2015, Functional Ecology",10.1111/1367-2435.12470,10.5061/dryad.6nc8c,SCBI_tree_heights.csv,Tree height Jonathan.xls (214 trees tab)
111076,1,cato,,2012,12.7,11.2,,NA,Jonathan Thompson,"Anderson-Teixeira et al. 2015, Functional Ecology",10.1111/1367-2435.12470,10.5061/dryad.6nc8c,SCBI_tree_heights.csv,Tree height Jonathan.xls (214 trees tab)
111078,1,cato,,2012,27.9,29.3,,NA,Jonathan Thompson,"Anderson-Teixeira et al. 2015, Functional Ecology",10.1111/1367-2435.12470,10.5061/dryad.6nc8c,SCBI_tree_heights.csv,Tree height Jonathan.xls (214 trees tab)
111164,1,cagl,,2012,9.5,7.9,,NA,Jonathan Thompson,"Anderson-Teixeira et al. 2015, Functional Ecology",10.1111/1367-2435.12470,10.5061/dryad.6nc8c,SCBI_tree_heights.csv,Tree height Jonathan.xls (214 trees tab)
111182,1,prav,,2012,3.5,3.8,,NA,Jonathan Thompson,"Anderson-Teixeira et al. 2015, Functional Ecology",10.1111/1367-2435.12470,10.5061/dryad.6nc8c,SCBI_tree_heights.csv,Tree height Jonathan.xls (214 trees tab)
111226,1,cato,,2012,18,18.6,,NA,Jonathan Thompson,"Anderson-Teixeira et al. 2015, Functional Ecology",10.1111/1367-2435.12470,10.5061/dryad.6nc8c,SCBI_tree_heights.csv,Tree height Jonathan.xls (214 trees tab)
111245,1,cato,,2012,20.1,18.5,,NA,Jonathan Thompson,"Anderson-Teixeira et al. 2015, Functional Ecology",10.1111/1367-2435.12470,10.5061/dryad.6nc8c,SCBI_tree_heights.csv,Tree height Jonathan.xls (214 trees tab)
111253,1,caca,,2012,6,6.1,,NA,Jonathan Thompson,"Anderson-Teixeira et al. 2015, Functional Ecology",10.1111/1367-2435.12470,10.5061/dryad.6nc8c,SCBI_tree_heights.csv,Tree height Jonathan.xls (214 trees tab)
111260,1,cato,,2012,15.7,21,,NA,Jonathan Thompson,"Anderson-Teixeira et al. 2015, Functional Ecology",10.1111/1367-2435.12470,10.5061/dryad.6nc8c,SCBI_tree_heights.csv,Tree height Jonathan.xls (214 trees tab)
111270,1,caco,,2012,38.6,48.4,,NA,Jonathan Thompson,"Anderson-Teixeira et al. 2015, Functional Ecology",10.1111/1367-2435.12470,10.5061/dryad.6nc8c,SCBI_tree_heights.csv,Tree height Jonathan.xls (214 trees tab)
111313,1,cagl,,2012,12.4,13.7,,NA,Jonathan Thompson,"Anderson-Teixeira et al. 2015, Functional Ecology",10.1111/1367-2435.12470,10.5061/dryad.6nc8c,SCBI_tree_heights.csv,Tree height Jonathan.xls (214 trees tab)
111317,1,cagl,,2012,10.4,9.6,,NA,Jonathan Thompson,"Anderson-Teixeira et al. 2015, Functional Ecology",10.1111/1367-2435.12470,10.5061/dryad.6nc8c,SCBI_tree_heights.csv,Tree height Jonathan.xls (214 trees tab)
111318,1,cagl,,2012,9.1,8.5,,NA,Jonathan Thompson,"Anderson-Teixeira et al. 2015, Functional Ecology",10.1111/1367-2435.12470,10.5061/dryad.6nc8c,SCBI_tree_heights.csv,Tree height Jonathan.xls (214 trees tab)
111351,1,astr,,2012,5.8,3.8,,NA,Jonathan Thompson,"Anderson-Teixeira et al. 2015, Functional Ecology",10.1111/1367-2435.12470,10.5061/dryad.6nc8c,SCBI_tree_heights.csv,Tree height Jonathan.xls (214 trees tab)
111359,1,astr,,2012,3.1,3.8,,NA,Jonathan Thompson,"Anderson-Teixeira et al. 2015, Functional Ecology",10.1111/1367-2435.12470,10.5061/dryad.6nc8c,SCBI_tree_heights.csv,Tree height Jonathan.xls (214 trees tab)
111362,1,astr,,2012,5.9,4.6,,NA,Jonathan Thompson,"Anderson-Teixeira et al. 2015, Functional Ecology",10.1111/1367-2435.12470,10.5061/dryad.6nc8c,SCBI_tree_heights.csv,Tree height Jonathan.xls (214 trees tab)
111373,1,astr,,2012,4.8,4,,NA,Jonathan Thompson,"Anderson-Teixeira et al. 2015, Functional Ecology",10.1111/1367-2435.12470,10.5061/dryad.6nc8c,SCBI_tree_heights.csv,Tree height Jonathan.xls (214 trees tab)
111375,1,astr,,2012,6,4,,NA,Jonathan Thompson,"Anderson-Teixeira et al. 2015, Functional Ecology",10.1111/1367-2435.12470,10.5061/dryad.6nc8c,SCBI_tree_heights.csv,Tree height Jonathan.xls (214 trees tab)
111379,1,astr,,2012,6.1,4.6,,NA,Jonathan Thompson,"Anderson-Teixeira et al. 2015, Functional Ecology",10.1111/1367-2435.12470,10.5061/dryad.6nc8c,SCBI_tree_heights.csv,Tree height Jonathan.xls (214 trees tab)
111381,1,astr,,2012,11.5,11.2,,NA,Jonathan Thompson,"Anderson-Teixeira et al. 2015, Functional Ecology",10.1111/1367-2435.12470,10.5061/dryad.6nc8c,SCBI_tree_heights.csv,Tree height Jonathan.xls (214 trees tab)
111384,1,astr,,2012,8.7,6.2,,NA,Jonathan Thompson,"Anderson-Teixeira et al. 2015, Functional Ecology",10.1111/1367-2435.12470,10.5061/dryad.6nc8c,SCBI_tree_heights.csv,Tree height Jonathan.xls (214 trees tab)
112014,1,caco,,2012,30.6,45.2,,NA,Jonathan Thompson,"Anderson-Teixeira et al. 2015, Functional Ecology",10.1111/1367-2435.12470,10.5061/dryad.6nc8c,SCBI_tree_heights.csv,Tree height Jonathan.xls (214 trees tab)
121262,1,caca,,2012,7.2,7.5,,NA,Jonathan Thompson,"Anderson-Teixeira et al. 2015, Functional Ecology",10.1111/1367-2435.12470,10.5061/dryad.6nc8c,SCBI_tree_heights.csv,Tree height Jonathan.xls (214 trees tab)
121263,1,cato,,2012,30.8,35.7,,NA,Jonathan Thompson,"Anderson-Teixeira et al. 2015, Functional Ecology",10.1111/1367-2435.12470,10.5061/dryad.6nc8c,SCBI_tree_heights.csv,Tree height Jonathan.xls (214 trees tab)
121349,1,cagl,,2012,35.3,43.9,,NA,Jonathan Thompson,"Anderson-Teixeira et al. 2015, Functional Ecology",10.1111/1367-2435.12470,10.5061/dryad.6nc8c,SCBI_tree_heights.csv,Tree height Jonathan.xls (214 trees tab)
121458,1,cato,,2012,17.4,15.6,,NA,Jonathan Thompson,"Anderson-Teixeira et al. 2015, Functional Ecology",10.1111/1367-2435.12470,10.5061/dryad.6nc8c,SCBI_tree_heights.csv,Tree height Jonathan.xls (214 trees tab)
122003,1,prav,,2012,18.3,21.9,,NA,Jonathan Thompson,"Anderson-Teixeira et al. 2015, Functional Ecology",10.1111/1367-2435.12470,10.5061/dryad.6nc8c,SCBI_tree_heights.csv,Tree height Jonathan.xls (214 trees tab)
130007,1,ploc,,2012,33.5,55.8,,NA,Jonathan Thompson,"Anderson-Teixeira et al. 2015, Functional Ecology",10.1111/1367-2435.12470,10.5061/dryad.6nc8c,SCBI_tree_heights.csv,Tree height Jonathan.xls (214 trees tab)
130170,1,prse,,2012,28.2,50.7,,NA,Jonathan Thompson,"Anderson-Teixeira et al. 2015, Functional Ecology",10.1111/1367-2435.12470,10.5061/dryad.6nc8c,SCBI_tree_heights.csv,Tree height Jonathan.xls (214 trees tab)
130390,1,prse,,2012,36.1,70.7,,NA,Jonathan Thompson,"Anderson-Teixeira et al. 2015, Functional Ecology",10.1111/1367-2435.12470,10.5061/dryad.6nc8c,SCBI_tree_heights.csv,Tree height Jonathan.xls (214 trees tab)
131113,1,cagl,,2012,34.5,50.9,,NA,Jonathan Thompson,"Anderson-Teixeira et al. 2015, Functional Ecology",10.1016/j.foreco.2018.06.004,NA,DBH_height_val.csv,
131128,1,cato,,2012,41.9,56.6,,NA,Jonathan Thompson,"Anderson-Teixeira et al. 2015, Functional Ecology",10.1016/j.foreco.2018.06.004,NA,DBH_height_val.csv,
140615,1,ploc,,2012,32.3,41.1,,NA,Jonathan Thompson,"Anderson-Teixeira et al. 2015, Functional Ecology",10.1016/j.foreco.2018.06.004,NA,DBH_height_val.csv,
142174,1,prav,,2012,8.6,9.8,,NA,Jonathan Thompson,"Anderson-Teixeira et al. 2015, Functional Ecology",10.1016/j.foreco.2018.06.004,NA,DBH_height_val.csv,
150350,1,aial,,2012,13.8,27.3,,NA,Jonathan Thompson,"Anderson-Teixeira et al. 2015, Functional Ecology",10.1016/j.foreco.2018.06.004,NA,DBH_height_val.csv,
150756,1,prse,,2012,30.1,93.1,,NA,Jonathan Thompson,"Anderson-Teixeira et al. 2015, Functional Ecology",10.1016/j.foreco.2018.06.004,NA,DBH_height_val.csv,
151070,1,cagl,,2012,34.2,60.7,,NA,Jonathan Thompson,"Anderson-Teixeira et al. 2015, Functional Ecology",10.1016/j.foreco.2018.06.004,NA,DBH_height_val.csv,
151072,1,prav,,2012,29.7,33.8,,NA,Jonathan Thompson,"Anderson-Teixeira et al. 2015, Functional Ecology",10.1016/j.foreco.2018.06.004,NA,DBH_height_val.csv,
151168,1,prav,,2012,28.3,37,,NA,Jonathan Thompson,"Anderson-Teixeira et al. 2015, Functional Ecology",10.1016/j.foreco.2018.06.004,NA,DBH_height_val.csv,
151175,1,ceoc,,2012,7,4.1,,NA,Jonathan Thompson,"Anderson-Teixeira et al. 2015, Functional Ecology",10.1016/j.foreco.2018.06.004,NA,DBH_height_val.csv,
151511,1,ploc,,2012,35.9,36.9,,NA,Jonathan Thompson,"Anderson-Teixeira et al. 2015, Functional Ecology",10.1016/j.foreco.2018.06.004,NA,DBH_height_val.csv,
152001,1,ploc,,2012,29.9,32.1,,NA,Jonathan Thompson,"Anderson-Teixeira et al. 2015, Functional Ecology",10.1016/j.foreco.2018.06.004,NA,DBH_height_val.csv,
152153,1,ploc,,2012,36,93,,NA,Jonathan Thompson,"Anderson-Teixeira et al. 2015, Functional Ecology",10.1016/j.foreco.2018.06.004,NA,DBH_height_val.csv,
160862,1,ploc,,2012,35.6,80.5,,NA,Jonathan Thompson,"Anderson-Teixeira et al. 2015, Functional Ecology",10.1016/j.foreco.2018.06.004,NA,DBH_height_val.csv,
160968,1,prav,,2012,5.1,7.5,,NA,Jonathan Thompson,"Anderson-Teixeira et al. 2015, Functional Ecology",10.1016/j.foreco.2018.06.004,NA,DBH_height_val.csv,
161018,1,prav,,2012,25.4,27.2,,NA,Jonathan Thompson,"Anderson-Teixeira et al. 2015, Functional Ecology",10.1016/j.foreco.2018.06.004,NA,DBH_height_val.csv,
161020,1,prav,,2012,24.6,28.4,,NA,Jonathan Thompson,"Anderson-Teixeira et al. 2015, Functional Ecology",10.1016/j.foreco.2018.06.004,NA,DBH_height_val.csv,
161023,1,prav,,2012,12.9,19,,NA,Jonathan Thompson,"Anderson-Teixeira et al. 2015, Functional Ecology",10.1016/j.foreco.2018.06.004,NA,DBH_height_val.csv,
161506,1,ceoc,,2012,8.5,17.3,,NA,Jonathan Thompson,"Anderson-Teixeira et al. 2015, Functional Ecology",10.1016/j.foreco.2018.06.004,NA,DBH_height_val.csv,
162371,1,ploc,,2012,29.5,45.8,,NA,Jonathan Thompson,"Anderson-Teixeira et al. 2015, Functional Ecology",10.1016/j.foreco.2018.06.004,NA,DBH_height_val.csv,
162563,1,ceoc,,2012,3.2,6.8,,NA,Jonathan Thompson,"Anderson-Teixeira et al. 2015, Functional Ecology",10.1016/j.foreco.2018.06.004,NA,DBH_height_val.csv,
170106,1,aial,,2012,8.2,5.4,,NA,Jonathan Thompson,"Anderson-Teixeira et al. 2015, Functional Ecology",10.1016/j.foreco.2018.06.004,NA,DBH_height_val.csv,
170365,1,ploc,,2012,12.8,5.9,,NA,Jonathan Thompson,"Anderson-Teixeira et al. 2015, Functional Ecology",10.1016/j.foreco.2018.06.004,NA,DBH_height_val.csv,
170641,1,aial,,2012,5.3,3.4,,NA,Jonathan Thompson,"Anderson-Teixeira et al. 2015, Functional Ecology",10.1016/j.foreco.2018.06.004,NA,DBH_height_val.csv,
170658,1,aial,,2012,5.2,3.5,,NA,Jonathan Thompson,"Anderson-Teixeira et al. 2015, Functional Ecology",10.1016/j.foreco.2018.06.004,NA,DBH_height_val.csv,
170801,1,aial,,2012,18.2,16.2,,NA,Jonathan Thompson,"Anderson-Teixeira et al. 2015, Functional Ecology",10.1016/j.foreco.2018.06.004,NA,DBH_height_val.csv,
170801,2,aial,,2012,6.7,3.4,,NA,Jonathan Thompson,"Anderson-Teixeira et al. 2015, Functional Ecology",10.1016/j.foreco.2018.06.004,NA,DBH_height_val.csv,
171154,1,prse,,2012,25.5,50.7,,NA,Jonathan Thompson,"Anderson-Teixeira et al. 2015, Functional Ecology",10.1016/j.foreco.2018.06.004,NA,DBH_height_val.csv,
171384,1,prav,,2012,12,12,,NA,Jonathan Thompson,"Anderson-Teixeira et al. 2015, Functional Ecology",10.1016/j.foreco.2018.06.004,NA,DBH_height_val.csv,
172434,1,prav,,2012,6.9,5.5,,NA,Jonathan Thompson,"Anderson-Teixeira et al. 2015, Functional Ecology",10.1016/j.foreco.2018.06.004,NA,DBH_height_val.csv,
180036,1,ploc,,2012,10.3,8.4,,NA,Jonathan Thompson,"Anderson-Teixeira et al. 2015, Functional Ecology",10.1016/j.foreco.2018.06.004,NA,DBH_height_val.csv,
180208,1,prse,,2012,12.7,21.5,,NA,Jonathan Thompson,"Anderson-Teixeira et al. 2015, Functional Ecology",10.1016/j.foreco.2018.06.004,NA,DBH_height_val.csv,
180449,1,aial,,2012,27,32.7,,NA,Jonathan Thompson,"Anderson-Teixeira et al. 2015, Functional Ecology",10.1016/j.foreco.2018.06.004,NA,DBH_height_val.csv,
180784,1,cato,,2012,27.7,57.3,,NA,Jonathan Thompson,"Anderson-Teixeira et al. 2015, Functional Ecology",10.1016/j.foreco.2018.06.004,NA,DBH_height_val.csv,
180813,1,ceoc,,2012,13.1,15.9,,NA,Jonathan Thompson,"Anderson-Teixeira et al. 2015, Functional Ecology",10.1016/j.foreco.2018.06.004,NA,DBH_height_val.csv,
180975,1,ceoc,,2012,7.4,12.7,,NA,Jonathan Thompson,"Anderson-Teixeira et al. 2015, Functional Ecology",10.1016/j.foreco.2018.06.004,NA,DBH_height_val.csv,
180983,1,ceoc,,2012,13.9,15.8,,NA,Jonathan Thompson,"Anderson-Teixeira et al. 2015, Functional Ecology",10.1016/j.foreco.2018.06.004,NA,DBH_height_val.csv,
180991,1,ploc,,2012,35.6,92.3,,NA,Jonathan Thompson,"Anderson-Teixeira et al. 2015, Functional Ecology",10.1016/j.foreco.2018.06.004,NA,DBH_height_val.csv,
181510,1,aial,,2012,9.7,5.4,,NA,Jonathan Thompson,"Anderson-Teixeira et al. 2015, Functional Ecology",10.1016/j.foreco.2018.06.004,NA,DBH_height_val.csv,
181542,1,aial,,2012,8,4.1,,NA,Jonathan Thompson,"Anderson-Teixeira et al. 2015, Functional Ecology",10.1016/j.foreco.2018.06.004,NA,DBH_height_val.csv,
181563,1,aial,,2012,11.8,5.2,,NA,Jonathan Thompson,"Anderson-Teixeira et al. 2015, Functional Ecology",10.1016/j.foreco.2018.06.004,NA,DBH_height_val.csv,
181567,1,aial,,2012,10.5,4.1,,NA,Jonathan Thompson,"Anderson-Teixeira et al. 2015, Functional Ecology",10.1016/j.foreco.2018.06.004,NA,DBH_height_val.csv,
182318,1,ploc,,2012,36.5,72.1,,NA,Jonathan Thompson,"Anderson-Teixeira et al. 2015, Functional Ecology",10.1016/j.foreco.2018.06.004,NA,DBH_height_val.csv,
200347,1,ploc,,2012,36.6,50.4,,NA,Jonathan Thompson,"Anderson-Teixeira et al. 2015, Functional Ecology",10.1016/j.foreco.2018.06.004,NA,DBH_height_val.csv,
202554,1,ceoc,,2012,3.2,4,,NA,Jonathan Thompson,"Anderson-Teixeira et al. 2015, Functional Ecology",10.1016/j.foreco.2018.06.004,NA,DBH_height_val.csv,
202593,1,ceoc,,2012,14.4,18.5,,NA,Jonathan Thompson,"Anderson-Teixeira et al. 2015, Functional Ecology",10.1016/j.foreco.2018.06.004,NA,DBH_height_val.csv,
202922,1,ceoc,,2012,9.2,16.4,,NA,Jonathan Thompson,"Anderson-Teixeira et al. 2015, Functional Ecology",10.1016/j.foreco.2018.06.004,NA,DBH_height_val.csv,
202945,1,ceoc,,2012,16.9,18.5,,NA,Jonathan Thompson,"Anderson-Teixeira et al. 2015, Functional Ecology",10.1016/j.foreco.2018.06.004,NA,DBH_height_val.csv,
10494,1,havi,,2012,8.45,11.41,,,Jonathan Thompson,NA,NA,NA,Tree height Jonathan.xls (159 trees tab),
10498,1,caca,,2012,8.42,12.84,,,Jonathan Thompson,NA,NA,NA,Tree height Jonathan.xls (159 trees tab),
10561,1,caovl,,2012,34.5,46.81,,,Jonathan Thompson,NA,NA,NA,Tree height Jonathan.xls (159 trees tab),
20720,1,aial,,2012,7.22,2.51,,,Jonathan Thompson,NA,NA,NA,Tree height Jonathan.xls (159 trees tab),
20739,1,caca,,2012,7.52,9.72,,,Jonathan Thompson,NA,NA,NA,Tree height Jonathan.xls (159 trees tab),
20829,1,caovl,,2012,33.17,45.35,,,Jonathan Thompson,NA,NA,NA,Tree height Jonathan.xls (159 trees tab),
20833,1,caovl,,2012,39.51,62.42,,,Jonathan Thompson,NA,NA,NA,Tree height Jonathan.xls (159 trees tab),
32029,1,havi,,2012,5.37,8.01,,,Jonathan Thompson,NA,NA,NA,Tree height Jonathan.xls (159 trees tab),
32115,1,caca,,2012,3.96,5.4,,,Jonathan Thompson,NA,NA,NA,Tree height Jonathan.xls (159 trees tab),
32486,1,caovl,,2012,28.22,50.14,,,Jonathan Thompson,NA,NA,NA,Tree height Jonathan.xls (159 trees tab),
40955,1,acru,,2012,30.57,29.31,,,Jonathan Thompson,NA,NA,NA,Tree height Jonathan.xls (159 trees tab),
42580,1,caovl,,2012,29.69,32.6,,,Jonathan Thompson,NA,NA,NA,Tree height Jonathan.xls (159 trees tab),
42585,1,caovl,,2012,30.94,56.79,,,Jonathan Thompson,NA,NA,NA,Tree height Jonathan.xls (159 trees tab),
50484,1,quru,,2012,33.29,44.21,,,Jonathan Thompson,NA,NA,NA,Tree height Jonathan.xls (159 trees tab),
50528,1,havi,,2012,7.77,6.96,,,Jonathan Thompson,NA,NA,NA,Tree height Jonathan.xls (159 trees tab),
52087,1,quru,,2012,35.28,143.21,,,Jonathan Thompson,NA,NA,NA,Tree height Jonathan.xls (159 trees tab),
52190,1,quru,,2012,31.96,93.21,,,Jonathan Thompson,NA,NA,NA,Tree height Jonathan.xls (159 trees tab),
52245,1,caovl,,2012,20.28,22.3,,,Jonathan Thompson,NA,NA,NA,Tree height Jonathan.xls (159 trees tab),
60432,1,caco,,2012,37.41,43.99,,,Jonathan Thompson,NA,NA,NA,Tree height Jonathan.xls (159 trees tab),
60433,1,caca,,2012,10.11,18.14,,,Jonathan Thompson,NA,NA,NA,Tree height Jonathan.xls (159 trees tab),
70581,1,quru,,2012,36.1,57.95,,,Jonathan Thompson,NA,NA,NA,Tree height Jonathan.xls (159 trees tab),
72094,1,acru,,2012,5.64,3.89,,,Jonathan Thompson,NA,NA,NA,Tree height Jonathan.xls (159 trees tab),
72103,1,acru,,2012,6.02,5.35,,,Jonathan Thompson,NA,NA,NA,Tree height Jonathan.xls (159 trees tab),
72337,1,quru,,2012,31.85,87.77,,,Jonathan Thompson,NA,NA,NA,Tree height Jonathan.xls (159 trees tab),
80507,1,caovl,,2012,29.51,26.81,,,Jonathan Thompson,NA,NA,NA,Tree height Jonathan.xls (159 trees tab),
80554,1,caovl,,2012,31.5,45.68,,,Jonathan Thompson,NA,NA,NA,Tree height Jonathan.xls (159 trees tab),
80614,1,caco,,2012,10.55,10.49,,,Jonathan Thompson,NA,NA,NA,Tree height Jonathan.xls (159 trees tab),
80640,1,caovl,,2012,31.77,54.89,,,Jonathan Thompson,NA,NA,NA,Tree height Jonathan.xls (159 trees tab),
80774,1,acru,,2012,17.89,30.01,,,Jonathan Thompson,NA,NA,NA,Tree height Jonathan.xls (159 trees tab),
90719,1,acru,,2012,17.43,17.74,,,Jonathan Thompson,NA,NA,NA,Tree height Jonathan.xls (159 trees tab),
91302,1,caovl,,2012,31.96,60.32,,,Jonathan Thompson,NA,NA,NA,Tree height Jonathan.xls (159 trees tab),
91332,1,caovl,,2012,28.7,47.79,,,Jonathan Thompson,NA,NA,NA,Tree height Jonathan.xls (159 trees tab),
91385,1,caovl,,2012,36.15,42.08,,,Jonathan Thompson,NA,NA,NA,Tree height Jonathan.xls (159 trees tab),
92018,1,acru,,2012,24.12,50.92,,,Jonathan Thompson,NA,NA,NA,Tree height Jonathan.xls (159 trees tab),
92035,1,acru,,2012,24.24,37,,,Jonathan Thompson,NA,NA,NA,Tree height Jonathan.xls (159 trees tab),
92081,1,acru,,2012,5.44,3.9,,,Jonathan Thompson,NA,NA,NA,Tree height Jonathan.xls (159 trees tab),
92348,1,caovl,,2012,22.2,48.67,,,Jonathan Thompson,NA,NA,NA,Tree height Jonathan.xls (159 trees tab),
112057,1,acru,,2012,30.67,69.21,,,Jonathan Thompson,NA,NA,NA,Tree height Jonathan.xls (159 trees tab),
112497,1,ulru,,2012,6.58,6.75,,,Jonathan Thompson,NA,NA,NA,Tree height Jonathan.xls (159 trees tab),
121314,1,caco,,2012,20.49,22.01,,,Jonathan Thompson,NA,NA,NA,Tree height Jonathan.xls (159 trees tab),
121434,1,quru,,2012,30.75,72.33,,,Jonathan Thompson,NA,NA,NA,Tree height Jonathan.xls (159 trees tab),
121440,1,havi,,2012,6.79,6.8,,,Jonathan Thompson,NA,NA,NA,Tree height Jonathan.xls (159 trees tab),
122006,1,acru,,2012,23.69,39.48,,,Jonathan Thompson,NA,NA,NA,Tree height Jonathan.xls (159 trees tab),
130768,1,ulru,,2012,2.66,1.62,,,Jonathan Thompson,NA,NA,NA,Tree height Jonathan.xls (159 trees tab),
131130,1,caco,,2012,15.84,12.89,,,Jonathan Thompson,NA,NA,NA,Tree height Jonathan.xls (159 trees tab),
131364,1,acru,,2012,32.81,39.78,,,Jonathan Thompson,NA,NA,NA,Tree height Jonathan.xls (159 trees tab),
132287,1,caovl,,2012,11.37,0,,,Jonathan Thompson,NA,NA,NA,Tree height Jonathan.xls (159 trees tab),
132378,1,caco,,2012,3.61,3,,,Jonathan Thompson,NA,NA,NA,Tree height Jonathan.xls (159 trees tab),
140875,1,caco,,2012,36.03,51.65,,,Jonathan Thompson,NA,NA,NA,Tree height Jonathan.xls (159 trees tab),
140882,1,caco,,2012,15.62,15.41,,,Jonathan Thompson,NA,NA,NA,Tree height Jonathan.xls (159 trees tab),
141075,1,caco,,2012,24.35,19.2,,,Jonathan Thompson,NA,NA,NA,Tree height Jonathan.xls (159 trees tab),
141135,1,caco,,2012,32.89,48.09,,,Jonathan Thompson,NA,NA,NA,Tree height Jonathan.xls (159 trees tab),
142021,1,caovl,,2012,16.2,17.78,,,Jonathan Thompson,NA,NA,NA,Tree height Jonathan.xls (159 trees tab),
142065,1,caco,,2012,30.55,34.76,,,Jonathan Thompson,NA,NA,NA,Tree height Jonathan.xls (159 trees tab),
151160,1,caco,,2012,37.9,68.17,,,Jonathan Thompson,NA,NA,NA,Tree height Jonathan.xls (159 trees tab),
152016,1,caovl,,2012,3.49,2.19,,,Jonathan Thompson,NA,NA,NA,Tree height Jonathan.xls (159 trees tab),
161525,1,caco,,2012,32.34,39.09,,,Jonathan Thompson,NA,NA,NA,Tree height Jonathan.xls (159 trees tab),
171409,1,caovl,,2012,39.63,63.1,,,Jonathan Thompson,NA,NA,NA,Tree height Jonathan.xls (159 trees tab),
182001,1,caovl,,2012,28.68,26.87,,,Jonathan Thompson,NA,NA,NA,Tree height Jonathan.xls (159 trees tab),
182385,1,caco,,2012,10.86,9.28,,,Jonathan Thompson,NA,NA,NA,Tree height Jonathan.xls (159 trees tab),
182425,1,quru,,2012,31.99,93.58,,,Jonathan Thompson,NA,NA,NA,Tree height Jonathan.xls (159 trees tab),
190694,1,quru,,2012,39.99,127.25,,,Jonathan Thompson,NA,NA,NA,Tree height Jonathan.xls (159 trees tab),
190759,1,caco,,2012,7.19,0,,,Jonathan Thompson,NA,NA,NA,Tree height Jonathan.xls (159 trees tab),
192133,1,caovl,,2012,32.84,54.7,,,Jonathan Thompson,NA,NA,NA,Tree height Jonathan.xls (159 trees tab),
192466,1,quru,,2012,29.93,78,,,Jonathan Thompson,NA,NA,NA,Tree height Jonathan.xls (159 trees tab),
192537,1,quru,,2012,10.5,7.78,,,Jonathan Thompson,NA,NA,NA,Tree height Jonathan.xls (159 trees tab),
192554,1,quru,,2012,10.8,13.9,,,Jonathan Thompson,NA,NA,NA,Tree height Jonathan.xls (159 trees tab),
192619,1,quru,,2012,36.96,74.95,,,Jonathan Thompson,NA,NA,NA,Tree height Jonathan.xls (159 trees tab),
201131,1,quru,,2012,7.42,5.33,,,Jonathan Thompson,NA,NA,NA,Tree height Jonathan.xls (159 trees tab),
201235,1,caco,,2012,11.17,15.99,,,Jonathan Thompson,NA,NA,NA,Tree height Jonathan.xls (159 trees tab),
202323,1,quru,,2012,28.97,62.06,,,Jonathan Thompson,NA,NA,NA,Tree height Jonathan.xls (159 trees tab),
202332,1,quru,,2012,31.35,71.91,,,Jonathan Thompson,NA,NA,NA,Tree height Jonathan.xls (159 trees tab),
202496,1,quru,,2012,13.25,23.01,,,Jonathan Thompson,NA,NA,NA,Tree height Jonathan.xls (159 trees tab),
202734,1,ulru,,2012,12.05,14.53,,,Jonathan Thompson,NA,NA,NA,Tree height Jonathan.xls (159 trees tab),
202791,1,quru,,2012,23.1,31.27,,,Jonathan Thompson,NA,NA,NA,Tree height Jonathan.xls (159 trees tab),
202902,1,quru,,2012,10.9,9.01,,,Jonathan Thompson,NA,NA,NA,Tree height Jonathan.xls (159 trees tab),
10035,1,acru,,2018,24.7,,,,Sarah Macey (GIS Lab),NA,NA,NA,V:\SIGEO\Canopy_Height_SIGEO\TreeHeights_7-13-18_Sarah Macey,NA
10484,1,acru,,2018,24,,,,Sarah Macey (GIS Lab),NA,NA,NA,V:\SIGEO\Canopy_Height_SIGEO\TreeHeights_7-13-18_Sarah Macey,NA
20331,1,fram,,2018,22.9,,,,Sarah Macey (GIS Lab),NA,NA,NA,V:\SIGEO\Canopy_Height_SIGEO\TreeHeights_7-13-18_Sarah Macey,NA
30308,1,fram,,2018,19.6,,,,Sarah Macey (GIS Lab),NA,NA,NA,V:\SIGEO\Canopy_Height_SIGEO\TreeHeights_7-13-18_Sarah Macey,NA
50380,1,cagl,,2018,36,,,,Sarah Macey (GIS Lab),NA,NA,NA,V:\SIGEO\Canopy_Height_SIGEO\TreeHeights_7-13-18_Sarah Macey,NA
70178,1,litu,,2018,24.2,,,,Sarah Macey (GIS Lab),NA,NA,NA,V:\SIGEO\Canopy_Height_SIGEO\TreeHeights_7-13-18_Sarah Macey,NA
70606,1,litu,,2018,28.9,,,,Sarah Macey (GIS Lab),NA,NA,NA,V:\SIGEO\Canopy_Height_SIGEO\TreeHeights_7-13-18_Sarah Macey,NA
80463,1,litu,,2018,41.2,,,,Sarah Macey (GIS Lab),NA,NA,NA,V:\SIGEO\Canopy_Height_SIGEO\TreeHeights_7-13-18_Sarah Macey,NA
90043,1,quve,,2018,33.9,,,,Sarah Macey (GIS Lab),NA,NA,NA,V:\SIGEO\Canopy_Height_SIGEO\TreeHeights_7-13-18_Sarah Macey,NA
90512,1,litu,,2018,39.5,,,,Sarah Macey (GIS Lab),NA,NA,NA,V:\SIGEO\Canopy_Height_SIGEO\TreeHeights_7-13-18_Sarah Macey,NA
90529,1,quru,,2018,24.6,,,,Sarah Macey (GIS Lab),NA,NA,NA,V:\SIGEO\Canopy_Height_SIGEO\TreeHeights_7-13-18_Sarah Macey,NA
90546,1,qual,,2018,36.7,,,,Sarah Macey (GIS Lab),NA,NA,NA,V:\SIGEO\Canopy_Height_SIGEO\TreeHeights_7-13-18_Sarah Macey,NA
90645,1,litu,,2018,24.9,,,,Sarah Macey (GIS Lab),NA,NA,NA,V:\SIGEO\Canopy_Height_SIGEO\TreeHeights_7-13-18_Sarah Macey,NA
100893,1,litu,,2018,31,,,,Sarah Macey (GIS Lab),NA,NA,NA,V:\SIGEO\Canopy_Height_SIGEO\TreeHeights_7-13-18_Sarah Macey,NA
101041,1,cagl,,2018,18.8,,,,Sarah Macey (GIS Lab),NA,NA,NA,V:\SIGEO\Canopy_Height_SIGEO\TreeHeights_7-13-18_Sarah Macey,NA
50499,1,quru,,2018,33.8,,,,Sarah Macey (GIS Lab),NA,NA,NA,V:\SIGEO\Canopy_Height_SIGEO\TreeHeights_7-13-18_Sarah Macey,NA
50540,1,litu,,2018,34.9,,,,Sarah Macey (GIS Lab),NA,NA,NA,V:\SIGEO\Canopy_Height_SIGEO\TreeHeights_7-13-18_Sarah Macey,NA
90283,1,qual,,2018,32.3,,,,Sarah Macey (GIS Lab),NA,NA,NA,V:\SIGEO\Canopy_Height_SIGEO\TreeHeights_7-13-18_Sarah Macey,NA
