Tag,ID,Name.of.best.file,chronology,chronology_status,chronology_rejection_justification,Start.year,End.year,Shifts,Confidence.level,Measurement.Changes,Cofecha.Notes,Ring.marking.Notes,Other.Notes
162069,AMAR162069A,AMAR162069A,AMAR,included,,1955,2017,,low,,no clear correlation,compared to QUVE,
162069,AMAR162069B,AMAR162069B_shifted,AMAR,included,,1977,2007,-10,medium,,narrow 1977,"multiple outer rings missing, compared to QUVE",
12308,CACA12308A,CACA12308A,CACA,included,,1966,2017,,low,,no clear correlation,,
12312,CACA12312A,CACA12312A_shifted,CACA,included,,1951,2012,-5,low,,"very narrow 1991, 1977",,
12312,CACA12312B,CACA12312B_shifted,CACA,included,,1974,2015,-2,low,,"narrow 1977, not much correlation otherwise",,
131003,CACA131003B,CACA131003B,CACA,included,very low correlation,1914,2017,,very low,,no clear correlation,,
42014,CACA42014A,CACA42014A_shifted,CACA,included,,1918,2011,-6,low,,narrow 1977 and 1947,,
42014,CACA42014B,CACA42014B,CACA,included,,1924,2017,,very low,,no clear correlation,,
60511,CACA60511A,CACA60511A,CACA,included,,1950,2017,,very low,,no clear correlation,,
60511,CACA60511B,CACA60511B,CACA,included,low correlation,1938,2017,(+7),very low,,no clear correlation,,
60552,CACA60552A,CACA60552A_shifted,CACA,included,,1953,2016,-1,low,,"narrow 1991, and 1977",,
60552,CACA60552B,CACA60552B_shifted,CACA,included,low correlation,2015,1953,-2,low,,"narrow 1991, and 1977",,
90296,CACA90296A,CACA90296A,CACA,included,,1962,2013,-4,low,,very narrow 1977,,
90296,CACA90296B,CACA90296B,CACA,included,low correlation,1959,2017,,low,,very narrow 1977 and 1947,,
111336,CACO111336B,CACO111336B,CACO,included,very low correlation,1924,2017,,very low,,"highest is at -5 and +8, very low correlation",,
152118,CACO152118A,CACO152118A,CACO,included,,1972,2017,,very low,,"highest is at -9, no clear correlation",,
152118,CACO152118B,CACO152118B,CACO,included,,1980,2017,,very low,,"highest is at -9, no clear correlation",,
152151,CACO152151A,CACO152151A_shifted,CACO,included,,1904,2013,-4,medium,,"clearest is -4, last few rings missing","narrow 1991, others unclear",
152151,CACO152151B,CACO152151A_shifted,CACO,included,,1938,2012,-5,meduim,,"last rings missing, clearest for 1960 on is -5, but +9) for 1943 to 1959","narrow 1977, others unclear",
20605,CACO20605A,CACO20605A_shifted,CACO,included,,1936,2014,-3,medium,,"narrow 1991 and 1977, but very large 1947 - possibly missing or an error in measurement",,
20605,CACO20605B,CACO20605B_shifted,CACO,included,,1944,2016,-1,low/medium,,"narrow 1991 and 1977, but very large 1947 - possibly missing or an error in measurement",,
30073,CACO30073A,CACO30073A,CACO,rejected,"rotted low quality core, measurements inacurate",1949,2017,,very low,,"core is rotted, no clear correlation, best is at -10, but it is still low",,
30525,CACO30525A,CACO30525A,CACO,included,very low correlation,1939,2017,,very low,,no clear correlation,,
30525,CACO30525B,CACO30525B,CACO,included,,1941,2017,,very low,,no clear correlation,,
33337,CAGL33337A,CAGL33337A,CAGL,included,very low correlation,1957,2017,,low,,"no clear correlation, young tree, grew rapidly, outer years likely missing",,
40952,CACO40952A,CACO40952A_shifted,CACO,included,,1891,2013,-4,medium,,"not very clear at 1991, 1977, or 1947, but still have a medium correlation, perhaps due to low climate sensitivity?",,
40952,CACO40952B,CACO40952B_shifted,CACO,included,,1838,2010,-7,medium,,"not very clear at 1991, 1977, or 1947, but still have a medium correlation, perhaps due to low climate sensitivity?",,
50488,CACO50488A,CACO50488A,CACO,included,abnormal growth,1920,2017,,low,,"highest correlation at -1 and -4, but both low",,possibly missing years? Unclear
50488,CACO50488B,CACO50488B,CACO,rejected,low quality rotted core,1906,2017,,very low,,medium correlation at +3,,possibly missing years? Unclear
52059,CACO52059A,CACO52059A,CACO,included,,1917,2012,-5,low,,"best correlation is at -5, but outer-rings seem intact, possible rings missing or possible just low correlation","narrrow 1977, very large 1947, possibly missing years",
80398,CACO80398A,CACO80398A_shifted,CACO,included,,1943,2009,-8,low,,"probably many missing rings in newest years, many rings extremely narrow",,
80398,CACO80398B,CACO80398B_shifted,CACO,included,,1923,2008,-9,medium/low,,"probably many missing rings in newest years, many rings extremely narrow",,
121269,CAGL121269A,CAGL121269A_shifted2,CAGL,included,,1934,1963,-54,low,,"highest is at -54, but still very low",,"very small piece of core, low correlation even to B, tree was rotted"
121269,CAGL121269B,CAGL121269B,CAGL,included,,1936,2017,,low,,"highest is at -7 and +10, very low climate sensitiviry",,
141018,CAGL141018A,CAGL141018A,CAGL,included,,1927,2017,,very low,,"best correlation at +7, no clear correlation",,
141018,CAGL141018B,CAGL141018B,CAGL,included,,1928,2017,,very low,,"best at -5, but still very low, no clear correlation",,
162003,CAGL162003A,CAGL162003A_shifted,CAGL,included,,1920,2014,-4,medium,,,"1947, 1977, and 1991 all narrow, last few years missing",
162003,CAGL162003B,CAGL162003B_shifted,CAGL,included,,1904,2014,-4,medium,,"best correlation at -5 for 1930 and younger, possibly missing years","1947, 1977, and 1991 all narrow, last few years missing",
162013,CAGL162013B,CAGL162013B_shifted,CAGL,included,,1919,2010,-7,medium,,,outer rings missing,
162017,CAGL162017A,CAGL162017A,CAGL,included,,1900,2017,,low,,"narrow 1977, but overall low correlation",,
162112,CAGL162112A,CAGL162112A,CAGL,included,,1906,2017,,low,,"knot in tree makes measureing difficult, bnest correlation is at 0, but no clear correlation",,
171146,CAGL171146A,CAGL171146A,CAGL,included,,1922,2017,,low,,"no clear correlation, best at +9",,
171196,CAGL171196A,CAGL171196A_shifted,CAGL,included,,1916,2010,-7,low,,no clear correlation,"many narrow rings, possibly missing few. Allignment at -7 I spossible since outer rings are missing",
192643,CAGL192643B,CAGL192643B,CAGL,included,,1953,2014,-3,medium,,outer rings missing,"narrow 1991, others unclear",
62266,CAGL62266A,CAGL62266A,CAGL,included,,1966,2017,,very low,,"young tree, no clear correlation",,
62266,CAGL62266A,CAGL62266A,CAGL,included,,1965,2017,,very low,,"young tree, no clear correlation",,
62376,CAGL62376A,CAGL62376A,CAGL,included,,1909,2017,,very low,,no clear correlation,,
62376,CAGL62376B,CAGL62376B,CAGL,included,,1910,2017,,very low,,no clear correlation,,
70357,CAGL70357A,CAGL70357A,CAGL,included,,1954,2017,,very low,,"best correlation is -4 or -7, possibly missing years","very narrow rings, hard to read in",
70357,CAGL70357B,CAGL70357B,CAGL,included,,1945,2017,,very low,,"best correlation is -8 or -10, missing years","very narrow rings, hard to read in",
72241,CAGL72241A,CAGL72241A,CAGL,included,,1951,2017,,very low,,no clear correlation,,
72241,CAGL72241A,CAGL72241A,CAGL,included,,1947,2017,,very low,,no clear correlation,,
92498,CAGL92498A,CAGL92498A,CAGL,included,,1924,2017,,very low,,no clear correlation,clear knot makes analysis difficult,
92498,CAGL92498B,CAGL92498B,CAGL,included,,1922,2017,,very low,,no clear correlation,"best at 5, -2, 7, etc. very low. Many rings very narrow and difficult to see, possibly false rings and missing rings",
171199,CAOVL171199A,CAOVL171199A,CAOVL,rejected,low quality damaged core,1929,2017,,low,,"missing later years, no clear correlation",,
171199,CAOVL171199B,CAOVL171199B,CAOVL,rejected,low quality damaged core,1934,2017,,low,,"missing later years, no clear correlation",,
190929,CAOVL190929A,CAOVL190929A,CAOVL,included,low correlation,1908,2015,-2,medium,,"good correlation at -2, though it is low in early years","narrow 1977, and 1948 (possible need to combine years)",
190929,CAOVL190929B,CAOVL190929B,CAOVL,included,best match at -2,1912,2014,-3,medium,,"good correlation at -3, though it is weaker at later years",narrrow 1977 and 1947,
92455,CAOVL92455A,CAOVL92455A,CAOVL,rejected,"problem with WinDENDRO file, incorrect years, poor measurement",1926,2017,,very low,,"highest is at -8, but still very low",no clear correlation,
92455,CAOVL92455B,CAOVL92455B,CAOVL,rejected,"problem with WinDENDRO file, incorrect years, poor measurement",1917,2017,,very low,,"highest is at +10, but is still low",no clear correlation,
80479,CATO080479A,CATO080479A,CATO,included,,1918,2017,,low,,"highest is at -5, but no clear correlation",,
80479,CATO080479B,CATO080479B,CATO,included,,2937,2017,,low,,"best correlation is at 0, but it is low and latest years appear to be missing",,
10057,CATO10057A,CATO10057A_shifted,CATO,included,,1927,2011,-6,medium,,,outer rings missing,
10657,CATO10657B,CATO10657B,CATO,included,,1914,2011,-6,low,,"core rotted, possible correlation at -6","narrow 1977, others unclear",
111227,CATO111227A,CATO111227A,CATO,included,,1932,2011,-6,low,,"no clear correlation, core is rotted",,
111227,CATO111227B,CATO111227B,CATO,included,,1961,2013,-4,low,,"no clear correlation, core is very rotted",,
122283,CATO122283A,CATO122283A,CATO,NA,"file corrupted, cannot include",1929,2017,,low,,"best correlation is at -8, but it is still low, no clear correlation",,
122283,CATO122283B,CATO122283B,CATO,NA,"file corrupted, cannot include",1972,2017,,very low,,"missing later years, no clear correlation",,
142538,CATO142538A,CATO142538A,CATO,included,,1878,2017,,low,,"best is +9 up to 1910, then -8 onwards",,
142538,CATO142538B,CATO142538B,CATO,included,,1804,2017,,low,,"earlier years are -7, then -2, then -9. Probably missing a few years where it is very narrow. This would be an excellent core to work on if we start to do a more formal carya chronology",newest rings are missing,
152057,CATO152057A,CATO152057A_shifted,CATO,included,,1943,2010,-7,low,,very narrow 1977,multiple outer years missing,
152057,CATO152057B,CATO152057B_shifted,CATO,included,,1932,2010,-7,medium,,"narrow 1977, 1991",multiple outer years missing,
152185,CATO152185A,CATO152185A,CATO,included,,1937,2017,,low,,"no clear correlation, best is at -10, but the core has the bark intack so it is unlikley there are missing years,",,
152464,CATO152464A,CATO152464A,CATO,included,,1918,2017,,medium/low,,narrow 1947,,
152464,CATO152464B,CATO152464B,CATO,included,,1925,2017,,low,,no clear correlation,"high at -2, +2, very narrow series of bands, look slike local issues",
52302,CATO52302A,CATO52302A,CATO,included,,1941,2017,,very low,,"highest correlation is at +8 and -8, possibly missing rings or rings that should combine",,
62100,CATO62100A,CATO62100A_shifted,CATO,included,,1938,2013,-4,medium,,narrow 1977 and 1991,,outer rings clearly missing
62100,CATO62100B,CATO62100B,CATO,included,,1945,2017,,low,,no clear matches,,
62369,CATO62369A,CATO62369A,CATO,included,,1936,2017,,low,,no clear matches,highest is at +7,
62369,CATO62369B,CATO62369B,CATO,included,,1898,2017,,low,,no clear matches,"varied different matches,9, 4, -4, etc. very low climate sensitivity, core is degraded ",
91382,CATO91382A,CATO91382A,CATO,included,,1904,2017,,very low,,no clear correlation,,
91382,CATO91382B,CATO91382B,CATO,included,,1978,2017,,low,,no clear correlation,,
141094,CECA141094A,CECA141094A_shifted,CECA,included,,1936,2012,-5,low,,not much clear correlation,"good correlation with other ceca from 2016, but low compared to other species ",
161005,CECA161005A,CECA161005A_shifted,CECA,included,,1963,2012,-5,low,,narrow 1991 and 1977,"good correlation with other ceca from 2016, but low compared to other species ",
171372,CECA171372A,CECA171372A_shifted,CECA,included,,1965,2013,-4,low,,"narrow 1991 and 1977, but other years are narrow as well","good correlation with other ceca from 2016, but low compared to other species ",
182198,CECA182198A,CECA182198A_shifted,CECA,included,,1994,2014,-3,low,,too young to see clear correlation,"good correlation with other ceca from 2016, but low compared to other species ",
151182,COFL151182A,COFL151182A,COFL,included,,1946,2017,,low,,highest is at +6,narrow 1977 and 1991,
151182,COFL151182B,COFL151182B,COFL,included,"(-3, outer rings missing)",1952,2017,,low,,highest is at +3,narrow 1977 and 1992,
50025,FRAM050025A,FRAM050025A,FRAM,included,,1961,2017,-4,low,,no correlation,,
50025,FRAM050025B,FRAM050025B,FRAM,included,,1955,2017,,very low,,no correlation,,
101259,FRAM101259A,FRAM101259A_shifted2,FRAM,included,,1896,2001,-15,high/low,"outer cores missing, unsure what year it ended on, -15 fits in nicely",narrow 1947 and 1991,,
101259,FRAM101259B,FRAM101259B_shifted2,FRAM,included,,1873,1999,-8,low/high,"outer rings too rotten to measure, removing rotten rings and -8 fits in low then high correlation. Very early rings (first 20 years) and very close together, tree grew in the shade for a while",narrow 1947 and 1992,,
10178,FRAM10178A,FRAM10178A,FRAM,NA,"file corrupted, cannot include",1952,2016,,medium,,"narrow 1991, 1977",,too young to help
10178,FRAM10178B,FRAM10178B,FRAM,NA,"file corrupted, cannot include",1952,2016,,medium,,"narrow 1991, 1977",,too young to help
102453,Fram102453A,Fram102453A,FRAM,included,low correlation,1937,2015,,low,,,,
102453,Fram102453B,Fram102453B_shifted,FRAM,included,low correlation,1930,2014,-1,medium,,somewhat matches after shift; possibly I skipped a ring?,,
10539,FRAM10539A,FRAM10539A_shifted,FRAM,included,,1903,2014,-4,high,"last rings are 2014, missing some outer rings and bark",shifted 4 to fit easiest,narrow ~ 1947,
10539,FRAM10539B,FRAM10539B_shifted,FRAM,included,,1869,2001,-3,high,"ends early, missing a good deal of rings due to rot","ends early, needed to shift -3","narrow ~1947, 1992, 1977,78",
111290,fram111290A,fram111290A_rev_shifted,FRAM,included,low correlation,1898,2015,-1,low,,Not great; only 1 segment significant,2000s remeasured after chalking; Looks like bark fits directly into newest ring,
111290,Fram111290B,Fram111290B,FRAM,included,low correlation,1910,2015,0,low,,does not correlate well; lots of gaps; compared to A unshifted it seems to be 1 ahead; need to shift -1?,,
121455,FRAM121455A,FRAM121455A,FRAM,included,low correlation,1918,2017,,low,,no correlation,,
121455,FRAM121455B,FRAM121455B_shifted,FRAM,included,,1913,2016,-4,high,shift fits perfectly at -4 though the rings end in bark meaning that perhaps no rings were formed all the way around from after 2012,,,
12234,FRAM12234A,FRAM12234A_shifted,FRAM,included,,1910,2016,-1,low/medium,,,"narrow 1991, 1977, 1947",
131293,FRAM131293A,FRAM131293A,FRAM,included,,1919,2016,,low,best correlation is at +3,rotten at the outside,,
131293,FRAM131293B,FRAM131293B,FRAM,included,,1904,2016,,high/low,,rotten at the outside,"narrow 1991, 1977, 1948",
140939,Fram140939A,Fram140939A,FRAM,included,"very low correlation, possibly many missing rings and false rings, potential matches at 6 and -8, shifted -8",1955,2015,,low,,try -8 or 6,,
140939,Fram140939B,Fram140939B_shifted,FRAM,included,low correlation,1959,2011,5,medium,,correlates well if I add 5; need to see if 5 rings can be dropped,,
141255,Fram141255A,Fram141255A,FRAM,included,,1961,2016,,low,,does not match well; maybe shift -1 or +2,,
141255,Fram141255B,Fram141255B,FRAM,included,low correlation,1971,2016,,low,,does not match well; maybe shift -1 (dead in 2015)?,,
150776,FRAM150776A,FRAM150776A_shifted,FRAM,included,low correlation,1951,2011,-4,low/medium,,good fit after shift,"narrow 1977, 1991, 1992",
150776,FRAM150776B,FRAM150776B_shifted,FRAM,included,low correlation,1950,2012,-4,low/medium,,,"narrow 1978, 1991, 1992",
152659,FRAM152659A,FRAM152659A_shifted,FRAM,rejected,"twisted core, damaged and difficult to read",1942,2012,-5,low,"best correlation at -5, but correlation is still low","no clear match, mostly local impacts",,ring is rotted and flipped
152659,FRAM152659B,FRAM152659B_shifted,FRAM,included,,1937,2011,-6,low,"best correlation at -6, but correlation is still low","rings are missing, no clear match",,"ring is rotted, difficult to read"
160001,FRAM160001A,FRAM160001A_shifted,FRAM,included,,1983,2015,-1,medium,,,,too young to help
160001,FRAM160001B,FRAM160001A_shifted,FRAM,included,,1980,2014,-2,medium,,,,"too young to help, missing last few year(s)"
162458,Fram162458A,Fram162458A,FRAM,included,very low correlation,1936,2015,,low,,No clear match,,
162470,FRAM162470A,FRAM162470A,FRAM,included,,1934,2016,,medium,"last years are all very small, unsure what years",poor fit,"1947 missing, 2000 - 2017 are all very narrow",
162470,FRAM162470B,FRAM162470B_shifted,FRAM,included,,1942,2011,-6,medium,"end of core missing due to rot, last years are all very small, unsure what days",poor fit,"1947 missing, 2000 - 2017 are all very narrow",
162591,FRAM162591A,FRAM162591A_shifted,FRAM,included,,1937,2016,-1,hgh,,,"narrow 1977, 1947",
162591,FRAM162591B,FRAM162591B_shifted,FRAM,included,,1938,2015,-1,high,,,"narrow 1977, 1948",
170948,FRAM170948A,FRAM170948A,FRAM,included,,1960,2016,,low,,poor fit,no similar,
172091,FRAM172091A,FRAM172091A,FRAM,included,,1954,2012,-5,,,narrow 1977 and 1991,,
172332,FRAM172332A,FRAM172332A,FRAM,included,very low correlation,1883,2016,,low,,no clear match,,
172332,FRAM172332B,FRAM172332B,FRAM,included,very low correlation,1878,2016,,low,,no clear match,,
172493,FRAM172493A,FRAM172493A_shifted,FRAM,included,low correlation,1945,2007,-9,low/medium,,,,
172493,FRAM172493B,FRAM172493B_shifted,FRAM,included,low correlation,1941,2010,-6,high,,,,
172565,Fram172565A,Fram172565A,FRAM,included,,1940,2015,,low,,does not match well,,
172565,Fram172565B,Fram172565B,FRAM,included,,1947,2015,,low,,does not match well; maybe shift -1?,,
182374,FRAM182374A,FRAM182374A,FRAM,included,"very low correlation, core has some rott",1973,2016,,very low,,no correlation,"probably not 2016 as latest year since there is evidence of rot, but very low correlation even to FRAM182374B",
182374,FRAM182374B,FRAM182374B,FRAM,included,"very low correlation, core has some rott",1945,2016,,very low,,no correlation,,
182455,FRAM182455A,FRAM182455A,FRAM,included,low correlation,1937,2016,,low/medium,,,narrow 1991 and 1947,
182455,FRAM182455B,FRAM182455B_shifted,FRAM,included,,1937,2015,-1,medium,missing 2016 ,,narrow 1991 and 1947,
190735,FRAM190735A,FRAM190735A_shifted,FRAM,included,very low correlation,1937,2017,1,medium,,,,
190735,FRAM190735B,FRAM190735B_shifted,FRAM,included,very low correlation,1924,2017,1,medium,,,,
192154,FRAM192154A,FRAM192154A_shifted,FRAM,included,,1879,2015,-1,medium,,narrow 1977 and 1947,,
192154,FRAM192154B,FRAM192154B,FRAM,included,low correlation,1894,2016,,medium,,narrow 1977 and 1947,,
192260,fram192260A,Fram192260A,FRAM,included,low correlation,1944,2015,0,low,,does not match well; maybe +5? ,Does not look like a fram - carya?,
192552,FRAM192552A,FRAM192552A,FRAM,included,low correlation,1933,2017,,low,,no correlation,,
192552,FRAM192552B,FRAM192552B,FRAM,included,,1951,2017,,very low,,no correlation,,
192568,FRAM192568A,FRAM192568A_shifted,FRAM,included,,1949,2016,-1,medium,,,narrow 1991 and 1977,
192568,FRAM192568B,FRAM192568B_shifted,FRAM,included,,1945,2016,-1,medium,,,narrow 1991 and 1977,
192583,FRAM192583A,FRAM192583A_shifted,FRAM,included,,1929,2012,-4,high,,,"narrow 1991, 1977 and 1947",
192583,FRAM192583B,FRAM192583B_shifted,FRAM,included,,1930,2010,,high,missing a 2011 and 2012 (broken),,"narrow 1991, 1977 and 1948",
192592,fram192592A,fram192592A,FRAM,included,too few years,1987,2014,,low,,"so many missing years, it's impossible to tell",,
192592,Fram192592B,Fram192592B_shifted,FRAM,included,too few years,1967,2015,2,medium,,should remeasure most recent rings- not confident,,
192594,FRAM192594A,FRAM192594A,FRAM,included,low correlation,1893,2016,,low,,no clear match,,
192594,FRAM192594B,FRAM192594B_shifted,FRAM,included,,1934,2014,-2,high/medium,,narrow 1977 and 1947,,
192666,fram192666A,Fram192666A,FRAM,included,low correlation,1938,2015,,low,,try -2 or 4? ,,
192683,FRAM192683A,FRAM192683A,FRAM,included,"very low correlation, shifted -7",1936,2017,,medium,,,narrow 1991 and 1977,
192683,FRAM192683B,FRAM192683B,FRAM,included,very low correlation,1938,2017,,medium,,,narrow 1991 and 1977,
192707,FRAM192707A,FRAM192707A,FRAM,included,,1934,2016,,medium,,,,
192707,FRAM192707B,FRAM192707B_shifted,FRAM,included,low correlation,1931,2015,-1,low/high,,,,
20040,FRAM20040A,FRAM20040A_shifted,FRAM,included,,1956,2012,-5,high,,,"narrow 1997, 1977, 1991",
200578,FRAM200578B,FRAM200578B,FRAM,included,,1958,2017,,high/low,,"narrow 1977, 1997, and 1991",,
201248,FRAM201248A,FRAM201248A_shifted,FRAM,included,low correlation,1885,2017,1,high,,narrow 1977,missing rings due to rot in outside,
201248,FRAM201248B,FRAM201248B,FRAM,included,,1886,2016,,low,,no clear match,,
202528,FRAM202528A,FRAM202528A_shifted,FRAM,included,,1935,2011,-6,low,,,"narrow 1991, and 1977",
202528,FRAM202528B,FRAM202528B_shifted,FRAM,included,,1928,2008,-8,medium,,,"narrow 1991, 2001",
90759,FRNI090759A,FRNI090759A_shifted,FRNI,included,low correlation,1974,2016,-1,medium,,,not much clear correlation,
90759,FRNI090759B,FRNI090759B_shifted,FRNI,included,"very low correlation, possible match at -9, but this seems unlikley, core looks normal",1974,2016,-1,low,,,not much clear correlation,
102001,FRNI102001A,FRNI102001A,FRNI,included,low correlation,1916,2014,-3,medium/low,,narrow 1977 and 1947,,
12171,FRNI12171A,FRNI12171A,FRNI,included,very low correlation,1945,2016,,very low,,best correlation is at -9,"difficult to compare, very small rings",
12171,FRNI12171B,FRNI12171B_shifted,FRNI,included,,1940,2015,-1,low/medium,,,"difficult to compare, very small rings",
180968,FRNI180968A,FRNI180968A,FRNI,included,"very low correlation, no clear matches",1956,2016,,very low,,no correlation,,
190549,FRNI190549A,FRNI190549A,FRNI,included,low correlation,1948,2017,,very low,,"very different growth patterns than others, early years are extrememly narrow, younger years are all very wide.",,
190549,FRNI190549B,FRNI190549B,FRNI,included,low correlation,1897,2017,,very low,,"very different growth patterns than others, early years are extrememly narrow, younger years are all very wide.",,
190774,FRNI190774A,FRNI190774A,FRNI,included,,1965,2016,,very low,,no correlation,,
190774,FRNI190774B,FRNI190774B,FRNI,included,,1966,2016,,very low,,no correlation,,
20155,FRNI20155A,FRNI20155A,FRNI,included,low correlation,1920,2016,,very low,,no clear match,very narrow rings,
20155,FRNI20155B,FRNI20155B,FRNI,included,added missing year at 47,1916,2016,,very low,,no clear match,very narrow rings,
20593,FRNI20593A,FRNI20593A,FRNI,included,(adjust +1),1939,2017,,low,,narrow 1977,,
22208,FRNI22208A,FRNI22208A,FRNI,included,,1919,2016,,low/high,,"low correlation for early years (up to 1950) and high correlation thereafter, could have been a tree that was growing supressed in the shade",narrow ~ 1977,
22208,FRNI22208B,FRNI22208B,FRNI,included,,1951,2016,,high,,,"narrow ~ 1977, 1947",
30141,FRNI30141A,FRNI30141A,FRNI,included,,1978,2006,,very low,"missing rings at end, unclear measurement, only suggested 2006 due to base correlating with 2006, ending is unclear, do not use","young tree, low correlation",,
30141,FRNI30141B,FRNI30141B_shifted,FRNI,included,low correlation,1945,2006,-10,high,,,"very narrow rings even more narrow at 1947, 1977",
41040,FRNI41040A,FRNI41040A_shifted,FRNI,included,,1917,2016,-1,high,"needed to shift just one year back, last ring is 2015",,"narrow ~ 1947, 1991 early 2000's",
41040,FRNI41040B,FRNI41040B_2_shifted,FRNI,included,,1915,2016,,high,"core was glued down incorrectly, needed to remeasure. ",,"narrow ~ 1947, 1991 early 2000's",
70299,JUNI70299A,JUNI70299A_shifted,JUNI,rejected,"low quality damaged core, do not use",1959,2014,-3,low,,low correlation,,
70299,JUNI70299B,JUNI70299B_shifted,JUNI,included,,1951,2010,-7,medium,,narrow 1991,,
42565,LITU042565A,LITU042565A,LITU,included,,1938,2017,,low,,"best at -3, but still low",,
52246,LITU052246A,LITU052246A,LITU,included,very low correlation ,1930,2017,,very low,,,,
52246,LITU052246B,LITU052246B_shifted,LITU,included,very low correlation ,1928,2014,-3,low,,"narrow 1947 and 1977, newest rings are very narrow and difficult to measure, some cut out halfway through, low correlation with multiple possible errors",,
92501,LITU092501A,LITU092501A_shifted,LITU,included,clear match at -1,1933,2016,-1,medium/low,,"narrow 1991, 47 and 77 are narrow but so are the years around them",very narrow most recent years,
92501,LITU092501B,LITU092501B_shifted,LITU,included,better match at -1 rather than -2,1930,2015,-2,medium/low,,"does not match 91, 47, or 77",very narrow most recent years,
100917,litu100917A,litu100917A_shifted,LITU,included,very low correlation ,1936,2005,6,low,,some correlation; newest segment says -1,Uncertainty about 1989; could also split 1968 and 70; REALLY narrow after 1995ish; tried splitting 1989 and made correlation worse (REMEASURED version: split 89 and tried to comb 6 rings ),
102470,litu102470A,litu102470A_shifted,LITU,included,low correlation,1931,2013,-2,medium,Added 2 rings after 2015,pretty good correlation; 1st segment best is -4 though,hard to see newest rings - it's possible I missed 2,
102470,litu102470B,litu102470B_shifted,LITU,included,low correlation,1933,2011,-4,medium,,some correlation,needs some work - could try splitting some rings before 1950. Could be missing some new rings,
110899,litu110899A,litu110899A,LITU,included,very low correlation ,1931,2015,,low,,no good match (maybe +4),hard to see newest rings; could split 1932 and 1933,
110899,litu110899B,litu110899B,LITU,included,"clear issue at -2 and false year, also accident with ring added in 2015, fixed",1926,2015,,low,Added 1 ring after 2015,no good correlation,ciuld split 61,
110902,LITU110902A,LITU110902A,LITU,included,very low correlation,1929,2017,,very low,,"best is at -2, but correlation is still very low. Rings are very narrow possibly missing years or need to split some years",,
110902,LITU110902B,LITU110902B_shifted,LITU,included,,1920,2011,-6,low,,"best correlation is at -6, but bark is attached, seems unlikley that there were 6 years without fully formed rings",,
110952,LITU110952A,LITU110952A_shifted,LITU,included,,1935,2016,-1,medium,,narrow 1991,,
110952,LITU110952B,LITU110952B_shifted,LITU,included,"low correlation, but no clear problems",1921,2016,-1,medium,,narrow 1991,,
111166,LITU111166A,LITU111166A_shifted,LITU,included,,1918,2014,-3,medium,,"narrow 1991, 1947, very narrow most recent years",,
111166,LITU111166A,LITU111166B_shifted,LITU,included,,1969,2009,-8,medium,,,most recent years missing,
112421,litu112421A,litu112421A,LITU,included,"very low correlation, shifted -5",1928,2015,,low,,"no good fit; tried splitting 1930,37,48 and it was worse",newest years easy to see,
112421,litu112421B,litu112421B,LITU,included,"very low correlation, shifted -5",1927,2015,,low,,not good correlation; suggests +10,"Seemed easy to see rings. When in doubt I did not split rings (could try splitting 88,87,80,50,39,31)",
121017,LITU121017A,LITU121017A,LITU,included,,1956?,2017?,-10,low,,,multiple outer rings missing,
121017,LITU121017B,LITU121017B,LITU,included,"very low correlation, good match at +9, but that makes no sense",1945,2017,,very low,,"best match is at +9 and -7, possibly multiple years missing ",multiple outer rings missing (even more than A),
121423,litu121423A,litu121423A_shifted,LITU,included,"very low correlation, no clear issues though",1936,2009,-7,medium,,"some correlation, except first segment",rings easy to see,
121423,litu121423B,litu121423B,LITU,included,"very low correlation, shifted -5",1935,2015,,low,"Added 1 between 70 and 80, 2 bt 90 and 2000;",no good match; maybe -5,,
122498,litu122498B,litu122498B_remeasured_shifted3,LITU,included,low correlation,1944,2016,3,medium,,"not significant, but matches highest year",Use remeasured version: redid 1993-96 and lost 1 ring then shifted +3,
122554,litu122554A,litu122554A_shifted,LITU,included,,1935,2013,-2,medium,,"good correlation with shift, but I can't find 2 extra rings to explain shift","Markings good, everything clear and easy to see",
122554,litu122554B,litu122554B_shifted,LITU,included,,1935,2012,-3,medium,,good correlation,Easy to see; can't find 3 rings to split,
12367,litu12367B,litu12369B_shifted,LITU,included,,1962,2016,1,medium,,some correlation; but could shift 2 more,oldest rings could maybe be split,
12369,litu12369A,litu12369A_shifted,LITU,included,,1955,2013,-2,medium,,Good correlation with -2 shift,split 1962? Combine 1968?,"In litu12369A_shifted_remeasured, I split 1960 and 1962 but it didn't work; likely means shift needs to happen in newer years"
131192,LITU131192A,LITU131192A_shifted,LITU,included,,1956,2008,-9,low,,narrow 1977,"very narrow most recent years, missing outer years",
140820,LITU140820A,LITU140820A_shifted,LITU,included,"very low correlation, shift back +1",1923,2016,-1,medium/low,,"very narrow rings from early 90s on, difficult to see correlation, narrow 1947 and 1991 but difficult to tell since all are so narrow",,
140820,LITU140820B,LITU140820B_shifted,LITU,included,"very low correlation, shift +2",1918,2014,-3,medium/low,,"very narrow rings from early 90s on, difficult to see correlation, narrow 1991 but difficult to tell since all are so narrow",,
20432,FRAM20432A,FRAM20432A,FRAM,included,low correlation,1944,2015,,high,,,"narrow ~ 1991,92, 2000,2001,77",
20432,FRAM20432B,FRAM20432B,FRAM,included,,1932,2009,,high,,,"narrow ~ 1991,92, 2000,2001,77",
151051,LITU151051A,LITU151051A_shifted,LITU,included,,1923,2016,-1,medium,,"narrow 1947, 1977",,
101016,NYSY101016A,NYSY101016A,NYSY,included,,1873,2017,,very low,,"Series of very narrow rings, very difficult to see on WinDENDRO, very low correlation in NYSY, no clear correlation with litu, quve, or even among NYSY, only similar between those from the same tree",,
101016,NYSY101016B,NYSY101016B,NYSY,included,,1827,2017,,very low,,"Series of very narrow rings, very difficult to see on WinDENDRO, very low correlation in NYSY, no clear correlation with litu, quve, or even among NYSY, only similar between those from the same tree",,
101019,NYSY101019A,NYSY101019A,NYSY,included,,1906,2017,,very low,,"Series of very narrow rings, very difficult to see on WinDENDRO, very low correlation in NYSY, no clear correlation with litu, quve, or even among NYSY, only similar between those from the same tree",,
101019,NYSY101019B,NYSY101019B,NYSY,included,,1835,2017,,very low,,"Series of very narrow rings, very difficult to see on WinDENDRO, very low correlation in NYSY, no clear correlation with litu, quve, or even among NYSY, only similar between those from the same tree",,
142573,NYSY142573A,NYSY142573A,NYSY,included,,1943,2017,,very low,,"Series of very narrow rings, very difficult to see on WinDENDRO, very low correlation in NYSY, no clear correlation with litu, quve, or even among NYSY, only similar between those from the same tree",,
142573,NYSY142573B,NYSY142573B,NYSY,included,,1869,2017,,very low,,"Series of very narrow rings, very difficult to see on WinDENDRO, very low correlation in NYSY, no clear correlation with litu, quve, or even among NYSY, only similar between those from the same tree",,
180840,NYSY180840A,NYSY180840A,NYSY,included,,1793,2017,,very low,,"Series of very narrow rings, very difficult to see on WinDENDRO, very low correlation in NYSY, no clear correlation with litu, quve, or even among NYSY, only similar between those from the same tree",,
180840,NYSY180840B,NYSY180840B,NYSY,included,,1773,2017,,very low,,"Series of very narrow rings, very difficult to see on WinDENDRO, very low correlation in NYSY, no clear correlation with litu, quve, or even among NYSY, only similar between those from the same tree",,
122256,PIST122256A,PIST122256A_shifted,PIST,included,,1940,2009,-8,low,,"highest is at -8, but seems unlikely since bark is attached","narrow 1977, 1947",
122256,PIST122256B,PIST122256B_shifted,PIST,included,,1937,2009,-8,low,,"highest is at -8, but seems unlikely since bark is attached","narrow 1947, 1991",
12507,PRAV12507A,PRAV12507A_shifted,PRAV,included,,1959,2016,-1,low,,"narrow 1991, low correlation overall",,
111195,QUAL111195A,QUAL111195A,QUAL,included,"very low correlation, good match at +7",1939,2017,,low,,no clear correlation,,
111195,QUAL111195B,QUAL111195B,QUAL,included,,1936,2017,,low,,no clear correlation,,best is at -8 or -9
161536,QUAL161536B,QUAL161536B,QUAL,rejected,very rotted core,1939,2017,,low,,no clear correlation,,
60060,QUAL60060A,QUAL60060A,QUAL,rejected,"poor quality rotten core, in bad shape, possibly accidently cored in same location as 2010, core is very abnormal",1884,2017,,low,,no clear correlation,,
60060,QUAL60060B,QUAL60060B,QUAL,included,fire scar (possible rot? Knot?) distorts tree before 1910,1889,2017,,low,,no clear correlation,,
70601,QUAL70601A,QUAL70601A,QUAL,included,,1919,2017,,low/medium,,no clear correlation,,
70601,QUAL70601B,QUAL70601B,QUAL,included,,1934,2017,,low/medium,,no clear correlation,,
111196,QUPR111196A,QUPR111196A,QUPR,included,"shift -2, possibly missing rings, no bark",1927,2017,,low,,no clear correlation,,
142368,QUPR142368A,QUPR142368A,QUPR,rejected,"rotted core, difficult to measure, possible errors",1957,2017,,very low,,no clear correlation,,"very narrow early rings, probably grew in the shade"
142368,QUPR142368B,QUPR142368B,QUPR,rejected,"rotted core, difficult to measure, possible errors",1914,2017,,very low,,no clear correlation,,"very narrow early rings, probably grew in the shade"
151120,QUPR151120A,QUPR151120A_shifted,QUPR,included,,1903,2014,-3,low,,"very narrow 1947,48, 49",,not very clear correlation to QUVE (possibly species?)
151120,QUPR151120B,QUPR151120B_shifted,QUPR,included,,1896,2016,-1,low,,"very narrow 1947,48, 59",,not very clear correlation to QUVE (possibly species?)
182056,QUPR182056A,QUPR182056A_shifted,QUPR,included,,1945,2016,-1,low,,"narrow 1991, 1977, possibly missing 1947?",,
182056,QUPR182056B,QUPR182056B_shifted,QUPR,included,,1947,2016,-1,medium,,"narrow 1991, 1977, 1947",,
202010,QUPR202010A,QUPR202010A_shifted,QUPR,included,low correlation,1874,2014,-3,"medium, low",,,,"extremely narrow rings from 2000 on, possible some are missing"
202029,QUPR202029A,QUPR202029A,QUPR,included,"very low correlation, no clear matches, shifted -2 to match B",1948,2017,,very low,,no clear correlation,,
202029,QUPR202029B,QUPR202029B,QUPR,included,"very low correlation, no clear matches",1956,2017,,very low,,no clear correlation,,
32513,QUPR32513A,QUPR32513A_shifted,QUPR,included,,1930,2016,-1,low,,narrow 1977,,
32513,QUPR32513B,QUPR32513B_shifted,QUPR,included,,1929,2015,-2,low,,"narrow 1991, 1977, 1947",,
72361,QUPR72361A,QUPR72361A,QUPR,included,"shift -1, clear match",1973,2017,,low,,no clear correlation,,
142490,QURU142490A,QURU142490A,QURU,included,,1961,2017,,medium,,narrow 1991 ,,
142490,QURU142490B,QURU142490B_shifted,QURU,included,,1960,2009,-8,high,,"narrow 1991, 1977 ",missing rings due to rot in outside,
192112,QURU192112A,QURU192112A_shifted,QURU,included,,1942,2016,-1,medium,,narrow 1977,,
192112,QURU192112B,QURU192112B_shifted,QURU,included,,1955,2015,-2,medium,,narrow 1977,,
202248,QURU202248A,QURU202248A,QURU,included,,1942,2017,,low/medium,,"narrow 1947, 1977, 1991",,
202248,QURU202248B,QURU202248B,QURU,included,,1965,2017,,medium,,"narrow 1947, 1977, 1991",,
40617,QURU40617A,QURU40617A_shifted,QURU,included,,1942,2016,-1,high,,"narrow 1947, 1977, 1991",,
40617,QURU40617B,QURU40617B_shifted,QURU,included,,1930,2016,-1,high,,"narrow 1947, 1977, 1991",,
52343,QURU52343A,QURU52343A,QURU,included,,1935,2017,,medium,,"narrow 1947, 1977, and 1991",,
52343,QURU52343B,QURU52343B_shifted,QURU,included,,1957,2016,-1,low,,"narrow 1977, 1991",,"strange looking core, short with low correlation"
82228,QURU82228A,QURU82228A_shifted,QURU,included,,1927,2016,-1,low/high,,,,possibly missing years early on (suggestion -8 then +5)
82228,QURU82228B,QURU82228B_shifted,QURU,included,,1955,2015,-2,high,,,,
122521,QUVE122521A,QUVE122521A,QUVE,included,"very young tree, low correlation, stunted growth, shifted -2",1970,2017,,low,,"no clear correlation, young tree, grew rapidly, outer years likely missing",,
12469,QUVE12469B,QUVE12469B_shifted,QUVE,included,,1950,2014,-3,medium,,"narrow 1991, 1977",,
142568,QUVE142568A,QUVE142568A_shifted,QUVE,included,,1893,2015,-2,high,,narrow 1947 and 1977,,
142568,QUVE142568B,QUVE142568B_shifted,QUVE,included,,1916,2016,-1,high,,narrow 1947 and 1977,,
182024,QUVE182024A,QUVE182024A,QUVE,included,,1924,2017,,medium/low,,"narrow 1947, 1977, 1991",,
182024,QUVE182024B,QUVE182024B_shifted,QUVE,included,,1903,2011,-6,high/medium,,"narrow 1947, 1977, 1991",,
190807,QUVE190807A,QUVE190807A_shifted,QUVE,included,,1930,2014,-4,high,,"narrow 1991, 1977, 1947",,
32177,QUVE32177A,QUVE32177A_shifted,QUVE,included,,1925,2015,-2,very high,,"narrow 1947, 1977, 1991",,possibly missing rings from 16 and 17
32177,QUVE32177B,QUVE32177B_shifted,QUVE,included,,1926,2015,-2,very high,,"narrow 1947, 1977, 1991",,possibly missing rings from 16 and 18
70228,QUVE70228A,QUVE70228A,QUVE,included,,1909,2017,,very high,,"narrow 1947, 1977, 1991",,
70228,QUVE70228B,QUVE70228B_shifted,QUVE,included,,1910,2016,-1,very high,,"narrow 1947, 1977, 1991",,missing the latest year
82059,QUVE82059A,QUVE82059A,QUVE,included,"very low correlation, strange growth pattern, compared to B, doesn't even match",1923,2017,,very low,,no clear correlation,,
82059,QUVE82059B,QUVE82059B,QUVE,included,"very low correlation, strange growth pattern",1923,2017,,high/low,,"narrow 1947, 1977 ",,
82418,QUVE82418A,QUVE82418A_shifted,QUVE,included,,1919,2016,-1,medium,,"narrow 1947, 1977, and 1991",,
82418,QUVE82418B,QUVE82418B_shifted,QUVE,included,,1919,2014,-3,high/medium,,"narrow 1947, 1977, and 1991",,
192698,ROPS192698A,ROPS192698A_shifted,ROPS,included,,1936,2014,-4,medium,,"second half is high at -3, probably missing a year",narrow 1977,
192698,ROPS192698B,ROPS192698B_shifted,ROPS,included,"best match is at (-8), but outer years are missing and core is warped",1936,2014,-4,medium,,"second half is high at -3, probably missing a year",narrow 1977,
10101,ULRU10101A,ULRU10101A,ULRU,rejected,"rotted core, low quality",1982,2017,,low,,rotted and not many years captured,,
10101,ULRU10101B,ULRU10101B_shifted,ULRU,included,,1961,2007,-10,low,,"outer rings missing, not very much correlation and no clear signs",,
12458,ULRU12458A,ULRU12458A,ULRU,rejected,"rotted core, low quality",1943,2017,,low,,narrow 1991 and 1947,,
12458,ULRU12458B,ULRU12458B,ULRU,included,,1955,2017,(+1),low,,"possibly extra year measured, considering the very high correlation at +1",,
141145,ULRU141145A,ULRU141145A,ULRU,included,,1922,2017,,very low,,"narrow 1991, but very low correlation otherwise",,
141145,ULRU141145B,ULRU141145B,ULRU,included,very low correlation,1928,2017,,very low,,no clear correlation,,
162228,ULRU162228A,ULRU162228A,ULRU,included,,1993,2017,,low,,"rotted, no clear correlation",,
171070,ULRU171070B,ULRU171070B_shifted,ULRU,included,,1954,2009,-8,low,,"narrow 1977, not much correlation",,
182135,ULRU182135A,ULRU182135A_shifted,ULRU,included,,1942,2010,-7,low,,no clear correlation,,
182135,ULRU182135B,ULRU182135B_shifted,ULRU,included,,1914,2008,-9,low,,no clear correlation,,
192408,ULRU192408A,ULRU192408A_shifted,ULRU,included,,1935,2010,-7,low,,"narrow 1991, 1977, 1947",,
192408,ULRU192408B,ULRU192408B,ULRU,included,very low correlation,1952,2017,(+5),low,,"narrow 1977, not much correlation otherwise",,
202782,ULRU202782A,ULRU202782A_shifted,ULRU,included,,1981,2012,-6,low,,no clear correlation,,
202782,ULRU202782B,ULRU202782B_shifted,ULRU,included,,1980,2011,-7,low,,no clear correlation,,
92094,acru92094A,acru92094A_shifted_comb,ACRU,included,,1957,2016,1,high,,correlated pretty well when I combined 1986+1987 and shifted +1 (shifted_comb),could split 61; rings pretty easy to see,
92094,acru92094B,acru92094B_shifted,ACRU,included,,1945,2021,6,high,lost 1 ring in 70s,"correlates well with +6 shift, But I don't understand how that makes sense","could split 1960, 72",
40094,caca40094A,caca40094A_shifted,caca,included,,1967,2009,-6,low,,some correlation but short timespan,difficult to see rings for caca,
101092,caco101092A,caco101092A,CACO,included,,1936,2016,,medium,Added 1 bt 50-60 and 2 bt 00-10,"shift -10 is a good match, but seems unlikely",,
10902,caco10902B,caco10902B,CACO,included,,1933,2015,,low,,shift -9 ok,,
132010,Caco132010A,Caco132010A,CACO,included,,1894,2015,,high,,matches fairly well,,
132010,Caco132010B,Caco132010B_shifted,CACO,included,,1929,2011,,medium,Added a ring between 1940-50; ,0 matches best in newest years,1955 = false ring? Bark and possible rings missing at end,
132018,caco132018A,caco132018A_remeasured,CACO,included,,1909,2015,-3,high,,great correlation,Remeasured to add 3 rings between 2000 (2 at 2006-7) and 2015,
132018,caco132018B,caco132018B,CACO,included,,1896,2015,,high,,good correlation,"Lots of gaps, but most rings easy to see. Try to match with A core",
142210,caco142210A,caco142210A,CACO,included,,1940,2015,,low,,maybe +5?,easy to see until 2010. 1963 could be split. A ring could be added bt 2010 and 15.,
142210,caco142210B,caco142210B_shifted,CACO,included,,1937,2009,-6,medium,,correlates well,newest rings hard to see and there's a gap,
151006,caco151006A,caco151006A_shifted,CACO,included,,1934,2015,-3,medium,,some correlation,; assumed lost 3 rings in gap (inserted zeros),
160989,caco160989A,caco160989A_shifted,CACO,included,,1911,2008,-7,low,added 1 ring bt 1920-30;,not great match,split 1928? Comb 1930? Not confident about oldest rings; rest was pretty clear,
160989,Caco160989B,Caco160989B,CACO,included,,1936,2014,,low,,Does not match well.,marks mislabeled. Shifted during measuring. 2015 ring cut off - could not measure. ,
162252,caco162252A,caco162252A,CACO,included,,1963,2015,,low,,no good match; too short timespan,lots of gaps/hard to see rings in newest years,
162252,caco162252B,caco162252B,CACO,rejected,"rotted core, low quality",1964,2015,,low,,no great match,rotten - hard to see,
70622,caco70622A,caco70622A,CACO,included,,1937,2015,,low, Removed 1 ring at 2000 and 1 bt 1960-70,no great match,bad sample - rotten at later years.,
70622,caco70622B,caco70622B_shifted,CACO,included,"matches 70622A very well, does not match the rest of the chronology",1919,2013,-2,high,,matches well,problem: now dead at 2013. Gap  - must be several missing rings,
112256,cagl112256A,cagl112256A,CAGL,included,,1954,2015,,low,"Added 2 bt 90 and 00, 1 bt 00 and 10, 1 bt 10 and 15",could try -10, very hard to see newest rings,
112256,cagl112256B,cagl112256B,CAGL,included,,1956,2015,,low,added 2 bt 2000-10,maybe try +8?,Easy to see until 1990s,
152053,cagl152053A,cagl152053A,CAGL,included,,1923,2015,,low,,no good matches,rings difficult to see at beginning and end,
152053,cagl152053B,cagl152053B,CAGL,included,very low correlation,1882,2015,,low,"Added 2 bt 1900-10;1 bt 1920-20, 1 bt 1920-30; 1 bt 1930-40; -2 bt 1960-70; 1 bt 2000-10",no great match; maybe +9?,,
172210,cagl172210A,cagl172210A,CAGL,included,,1940,2015,,low,lost 1 bt 1970-80; lost 1 @1999,no good matches,,
172210,cagl172210B,cagl172210B_shifted,CAGL,included,,1942,2016,1,low,added 1 ring bt 1960-70; 4 bt 70-80; 1 bt 80-90; 1 bt 00-10,"decent correlation for 2 segments, but short timespan",lots of uncertainty with spotting rings,
172218,Cagl172218A,Cagl172218A,CAGL,included,,1918,2015,,low,shifted while measuring to 1913,not great correlation,newest rings really difficult to see,
172218,cagl172218B,cagl172218B,CAGL,included,"very good match at +5, but this obviously makes no sense. Not clear what the error might be or why +5 has such great correlation",1922,2015,,low,"added1 bt 1940-50, lost 1 bt 1970-80",maybe try -6?,,
30567,cagl30567A,cagl30567A_shifted,CAGL,included,,1934,2015,1,high,added 5 rings bt 40-50 and 1 bt 50-60;,good correlation, could change 50 and 60 instead of 2016 death year maybe,
30567,cagl30567B,Cagl30567B,CAGL,included,,1938,2015,1,medium,,some correlation; +1 seemed to have the best fit,,
62267,cagl62267A,cagl62267A,CAGL,rejected,"low quality rotten core, notes say not to use",1896,2015,,low,,,"DO NOT USE. Very hard to see rings, core rotten, not confident at all about my measurements",
62267,cagl62267B,cagl62267B,CAGL,rejected,"low quality rotten core, notes say not to use",1891,2015,,low,lost 2 bt 10-20 and 1 bt 40-50 and 1 at 2015; gained 1 bt 20-30,no great match, Rotten core - hard to see,
70626,cagl70626A,cagl70626A_shifted,CAGL,included,,1928,2006,-8,medium,lost 1 ring bt 1990-00 and lost 1 bt 00-15. ,"decent correlation for 2 segments, but short timespan",Hard to see newest rings. Need to adjust for death year,
70626,cagl70626B,cagl70626B,CAGL,rejected,"low quality core, possibly errors in measurement",1945,2015,,low,"added 1 bt 70 and 80, 3 bt 90 and 00",no good matches,,
92183,cagl92183A,cagl92183A,CAGL,included,,1950,2015,,low, Added 1 ring after 2010 and 1 bt 1960-70,maybe +5; but I think its growth was just suppressed so doesn't correlate. NOTE: super thin year in 1960s can be used to help match,easy to see until 2010.,
92183,cagl92183B,cagl92183B,CAGL,included,,1970,2015,,low,,no great match; too short timespan,rotten: hard to see,
12080,cato12080A,cato12080A,CATO,included,,1916,2015,,low,,,,
12080,cato12080B,cato12080B,CATO,included,,1922,2015,,medium,,Not great match but seems like the best fit,,
130992,Cato130992A,Cato130992A,CATO,included,,1928,2015,,low,,try shifting -5 (need to lose 5 rings),Markings pretty clear; might only be 4 rings between 2010 and 2015,
130992,cato130992B,cato130992B,CATO,included,,1932,2015,,low,,no good match,mostly fine; 1940-60 very narrow; markings are what I measured,
131179,cato131179A,cato131179A_shifted,CATO,included,,1909,2019,4,medium,,some correlation,easy to see until 1980; Tried shifting and combining rings after 1990 to get appropriate end date but didn't work (remeasured version),
131179,cato131179B,cato131179B_shifted,CATO,included,,1899,2020,5,medium,added 1 ring at 1919; added 2 rings after 2010,seems best fit although not significant,lower confidence after 1960,
131183,cato131183A,cato131183A,CATO,included,,1938,2015,,low,Added1 bt 1980-90 and 00-10,"suggests -10, but doesn't make sense with rings",,
131183,cato131183B,cato131183B_shifted,CATO,included,,1946,2012,,medium,Added1 bt 1970-80,"not significant, but matches highest year",partial rings 1961 and 1963?; bark and possible rings missing,
171194,cato171194A,cato171194A_shifted,CATO,included,,1919,2011,-4,low,,not great match,markings are correct; hard to see from 1980 on,
171194,cato171194B,cato171194B,CATO,included,,1933,2015,,medium,added1 bt 90-00 and lost 1 bt 00-10,,hard to see newest rings; second part of fragment too confusing to measure,
182279,Cato182279A,Cato182279A_shifted,CATO,included,,1885,2015,-2,medium,,"some correlation; also correlates to -10 in some years; Note: ""rev"" version split 1976 and 1981 but did not correlate well",,
182279,Cato182279B,Cato182279B_shifted,CATO,included,,1946,2012,-3,low,Marks mislabeled. Shifted after measuring,somewhat matches after shift; problem: that makes death date 2012.," It was very difficult to see some rings, especially after 1960. ",
201330,cato201330B,cato201330B,CATO,included,,1942,2015,,low,,added 1 at 1968,no good match,
202341,Cato202341A,Cato202341A,CATO,included,,1928,2015,,low,marks mislabeled. Shifted after measuring.,Does not correlate. ,Difficult to see rings. ,
202341,cato202341B,cato202341B,CATO,included,incorrectly entered as 202341,1929,2015,,low,added 2 between 1930-40; 2 bt 1950-60; 1 bt 1960-70; 1 bt 2000-10,can't decide if -6 or -1 shift,,
90639,cato90639A,cato90639A_shifted,CATO,included,,1944,2019,4,medium, added1 bt 00 and 10,great correlation with +4 shift,bark missing at end; I expected a negative shift,
90639,cato90639B,cato90639B_shifted,CATO,included,,1973,2010,-4,low,combined 1 ring bt 1980-90,too short to really tell,,
12391,ceca12391A,ceca142391A,CECA,included,,1970,2015,,low,,too short to really tell,bark missing,
12391,ceca12391B,ceca142391B,CECA,included,,1963,2015,,low,,maybe -7? Overall no good correlation,rings missing at end,
171252,Ceca171252A,Ceca171252A_shifted,CECA,included,,1960,2016,1,medium,,matches ok,,
171252,Ceca171252B,Ceca171252B_shifted,CECA,included,,1945,2016,1,medium,,matches ok,,
182499,Ceca182499A,Ceca182499A_shifted,CECA,included,,1968,2008,-7,low,,Not enough years for high confidence,,
30039,FRAM30039A,FRAM30039A,FRAM,included,,1941,2016,,low,,poor fit to other fram,difficult to measure beyond 2010,
30093,FRAM30093B,FRAM30039B_shifted,FRAM,included,,1961,2016,-1,medium,,medium fit if shifted,difficult to measure beyond 2011,
30109,FRAM30109A,FRAM30109A,FRAM,included,low correlation,1936,2015,,high,,,"narrow ~ 1991,92, 2000,2001,77",
30109,FRAM30109B,FRAM30109B,FRAM,included,low correlation,1943,2016,,high,,,"narrow ~ 1991,92, 2000,2001,77",
30174,Fram30174A,Fram30174A_shifted,FRAM,included,"cores match each other, but not others. Best match is at +10",1944,2015,-1,high,,correlates well,,
30174,Fram30174B,Fram30174B,FRAM,included,"cores match each other, but not others. Best match is at +10",1952,2016,,low,,could shift -6,,
40853,FRAM40853A,FRAM40853A,FRAM,included,,1922,2016,-1,high/medium,,narrow 1977,,
40934,fram40934A,fram40934A,FRAM,included,,1949,2015,,low,,try -4? Not great match,,
40934,Fram40934B,Fram40934B_shifted,FRAM,included,,1981,2018,2,low,,"correlates well, but there are so few years",,
40935,fram40935A,fram40935A_shifted,FRAM,included,,1921,2016,1,medium,,All >0.14; newest 3 years significant,,
40935,fram40935B,fram40935B_shifted.rwl,FRAM,included,,1961,2016,-1,low,,Not great; suggests -3 shift,,
41006,FRAM41006A,FRAM41006A,FRAM,included,"clearly missing rings, shifted back -14, good fit",1883,2015,-14,low,"shift to -14 looks similar to standard, have not yet shifted",shift -14,no similar,
41006,FRAM41006B,FRAM41006B,FRAM,included,"clearly missing rings, shifted back -14, good fit",1884,2016,-14,low,"shift to -14 looks similar to standard, have not yet shifted","shift -14, ",no similar,
41025,FRAM41025A,FRAM41025A_shifted,FRAM,included,,1918,2011,-5,high/medium,,,"narrow 1991, 1977, 1947",
41025,FRAM41025B,FRAM41025B_shifted,FRAM,included,,1929,2013,-3,high/medium,,rotten at center,"narrow 1991, 1977, 1948",
50202,FRAM50202A,FRAM50202A_shifted,FRAM,included,,1904,2015,"-3, missing 1977",high,"shifted -3, decided 1977 was missing","shifted -3, decided 1977 was missing","narrow ~ 1947, 2000 and up",
50202,FRAM50202B,FRAM50202B_shifted,FRAM,included,,1877,2015,"-3, missing 1977",high,"shifted -3, decided 1977 was missing","shifted -3, decided 1977 was missing","narrow ~ 1947, 2000 and up",
70599,FRAM70599A,FRAM70599A_shifted,FRAM,included,,1954,2013,-3,low,,,no similar,
70599,FRAM70599B,FRAM70599B,FRAM,included,very low correlation,1930,2016,,very low,,"early years fit with +2, newer with -6, probably missing rings",no similar,
80481,Fram80481A,Fram80481A_shifted,FRAM,included,clear match at -1,1957,2014,-1,medium,,matches ok,,
80481,Fram80481B,Fram80481B,FRAM,included,,1958,2015,,low,,maybe try to shift -1?,,
101186,frni101186A,frni101186A,FRNI,included,low correlation,1911,2015,,low,,Suggests -1 shift,,
101186,Frni101186A,Frni101186A_shifted,FRNI,included,low correlation,1910,2014,-1,medium,,also suggests +3 shift,,
101186,Frni101186B,Frni101186B_shifted,FRNI,included,"very low correlation, no clear matches",1945,2013,-2,medium,,some correlation,,
12221,Frni12221A,Frni12221A,FRNI,included,"very low correlation, matches at very different years, possibly missing rings, core",1877,2015,,low,,no good correlation,,
12221,Frni12221B,Frni12221B,FRNI,included,"very low correlation, matches at very different years, possibly missing rings, core",1876,2015,,low,,no good correlation,,
30142,frni30142A,frni30142A,FRNI,included,,1965,2015,,low,,markings off by 1: shift down 1 after 2000,,
40113,Frni40113A,Frni40113A_shifted,FRNI,included,,1971,2008,-8,low,,matches ok but not enough years to be sure,,
40113,Frni40113B,Frni40113B_shifted,FRNI,included,"adjust -8, better correlation",1977,2017,1,medium,,matches well but short timespan,,
41039,Frni41039A,Frni41039A_shifted,FRNI,included,adjust +1,1916,2014,-2,low,,Partial ring at 2016 bottom right? Measured it in case; does not correlate well,Shifted to match 41039B,
41039,Frni41039B,Frni41039B,FRNI,included,adjust -1,1912,2015,,low,,Tried shifting start date to 1913; still not a great match,,
90716,frni90716A,frni90716A,FRNI,included,,1906,2015,,medium,,1st 4 segments good match; last 3 between 0.16 and 0.19,"Confident about measuring, not about cofecha match",
90716,frni90716B,frni90716B,FRNI,included,,1915,2015,,medium,,1st segment a good match,"Confident about measuring, not about cofecha match",
90718,Frni90718A,Frni90718A_shifted,FRNI,included,,1970,2014,-2,high,,Split original 2015 into 3 rings; high correlation,,
90718,Frni90718B,Frni90718B,FRNI,included,,1946,2015,,low,,does not match well,,
12475,Frpe12475A,Frpe12475A,FRPE,included,shifted -6 in order to better match B,1962,2015,,low,,no good correlation,,
12475,Frpe12475B,Frpe12475B_shifted,FRPE,included,,1969,2016,1,medium,,matches well; but short timespan,,
151051,LITU151051B,LITU151051B,LITU,included,"false ring found, fixed",1935,2017,,low,,"medium match at (-5,-6), probably missing a year, core is rotted",,
160962,LITU160962A,LITU160962A_shifted,LITU,included,,1927,2005,-12,medium/low,,narrow 1947  ,"very narrow most recent years, missing outer years",
171403,litu171403A,litu171403A,LITU,included,very low correlation,1932,2015,,low,lost 1 ring bt 70 and 80 - broken part ther,hard to find good correlation,,most rings easy to see
171403,litu171403B,litu171403B,LITU,included,"very low correlation, shift back +1",1928,2015,,medium,,Can't decide between 1 and 0; tried splitting 1947 and it didn't help,Easy to see rings,
172220,LITU172220A,LITU172220A_shifted,LITU,included,,1959,2016,-1,medium,,narrow 1977,,
172220,LITU172220B,LITU172220B,LITU,rejected,"rotted core, few rings actually visible",1970,2017,,very low,,very narrow most recent years,"core is rotted, difficult to measure",
190075,litu190075A,litu190075A_shifted_remeasured,LITU,included,,1957,2015,-3,high,added 3 rings in newest years then shifted -3,"pretty good correlation, but short timespan", not confident about newest years measurements,
190075,litu190075B,litu190075B,LITU,included,"very low correlation, no clear issues or solutions",1954,2015,,low,added 2 after 2015,no good correlation,hard to see rings in lots of places; ,
200188,LITU200188A,LITU200188A,LITU,included,,1990,2017,,low,,"best is at -10, but seems improbable since the rings are so narrow for so long",,
200188,LITU200188B,LITU200188B,LITU,included,"very possibly multiple (9?) missing rings, but core is not clear",1955,2017,,low,,"best match is at +9 for 1955 - 2004 and -9 for all others, but seems improbable since the rings are so narrow for so many years",,
20804,litu20804A,litu20804A_shifted-5,LITU,included,,1900,2010,-5,medium,,needs some work: looks like some years need -3 others -5,rings all pretty clear,
20804,litu20804B,litu20804B,LITU,included,very low correlation,1934,2015,,low,Added 1 ring at 1977,suggests +8 shift; doesn't really make sense,hard to see rings at end,
42250,litu42250B,litu42250B,LITU,included,,1923,2015,,medium,,some correlation: likely missed a few rings,easy to see until 2000,
42232,LITU42232A,LITU42232A_shifted,LITU,included,,1944,2010,-7,low,,no clear correlation,"very narrow most recent years, missing outer years",
42241,litu42241A,litu42241A_shifted,LITU,included,low correlation,1925,2010,-5,medium,Dropped 1 ring in 1980s and 1 between 2000-15,good correlation,not super confident about newest rings,
42241,litu42241B,litu42241B_shifted-6,LITU,included,"missing one year, in mid 60's",1927,2011,-6,medium,,some correlation,mostly easy to see,
42250,litu42250A,litu42250A,LITU,included,,1925,2015,,medium,,some correlation,most rings easily visible,
52036,LITU52036B,LITU52036B,LITU,included,clear match at -1,1926,2017,,low,,"best at -1, but still low",,
52237,litu52237A,litu52237A,LITU,included,"very low correlation, shifted back +1",1933,2015,,medium,Lost 1 ring bt 40 and 50,needs some work: some +3 some -1,"lots of uncertainty: could combine 2003 and 2004; could split78,76,50,early 30s",
52237,litu52237B,litu52237B_shifted,LITU,included,very low correlation (good match at +10),1955,2013,-2,medium,Lost 1 in1970s; added 1 in 1990s,some correlation,cannot tell if newest rings are bark or not,
70469,LITU70469A,LITU70469A,LITU,included,"very low correlation, shifted back -10",1963,2017,(-10),low,,"correlation is medium at -10, but that seems improbable since there are is clearly bark attached, 10 years without rings growing seems unlikely, but possible?",,
70469,LITU70469B,LITU70469B,LITU,included,"very low correlation, shifted back -7",1963,2017,(-10),low,,"correlation is medium at -10, but that seems improbable since there are is clearly bark attached, 10 years without rings growing seems unlikely, but possible?",,
70602,LITU70602A,LITU70602A_shifted,LITU,included,,1929,2015,-2,medium,,"Very narrow 1977, 1991, 1947, rings show good match",,
70657,LITU70657B,LITU70602B_shifted,LITU,included,,1940,2015,-2,low/medium,,"narrow 1977, 1991, and 1947, good match",,
72212,litu72212A,litu72212A_shifted,LITU,included,,1946,2012,-3,high,,good correlation after shift,Likely need to split 3 rings in newest years ,
72212,litu72212B,litu72212B_remeasured_shifted,LITU,included,,1931,2011,-5,medium,"I combined 1945-6 and 1941-2, then shifted series -5 ",good correlation, PROBLEM: new end date is 2010,
72345,litu72345A,litu72345A_shifted,LITU,included,,1933,2012,-3,high,,good correlation,probably missed 3 rings in newest years,
72345,litu72345B,litu72345B_remeasured_shifted,LITU,included,,1929,2012,-4,high,"Markings off: I combined 1950,1953, 1967. Resplit 1967 for remeasured version.",really good correlation , Likely rings missing in newest years. Newest rings hard to see,
80641,litu80641A,litu80641A_shifted,LITU,included,"very low correlation, abnormal core, very narrow rings",1937,2016,1,medium,,some correlation,Originally: hard to see 2015; could have been 2014 before shift,
80641,litu80641B,litu80641B_shifted,LITU,included,"very low correlation, abnormal core, very narrow rings",1950,2024,9,low,lost ring after 2010 (shift +1),"good correlation, but +9 seems unlikely",newest years narrow; rest easy to see,
82239,LITU82239A,LITU82239A,LITU,included,very low correlation,1923,2017,,low,,"highest is at -1, -6, and -7. Possible best at -6, but low correlation overall",,
82239,LITU82239B,LITU82239B_shifted,LITU,included,low correlation,1932,2014,-3,meduim,,"narrow 1991 and 1977, very narrow rings from late 90s on",,
82381,litu82381A,litu82381A,LITU,rejected,"rotted core, poorly pieced together",1943,2015,,low,,"some correlation at -5, but needs some work",missing bark and possible rings at end,
82403,litu82403A,litu82403A_shifted,LITU,included,"missing one year, in mid 60's",1922,2013,-2,high,,good correlation,"gaps; l could split 1929,38,43",
82403,litu82403B,litu82403B_comb_shift,LITU,included,,1920,2013,-2,high,,good correlation with -2 shift and combine 1949-1950,"There are likely 2-3 rings I missed; could split: 1925,34,42,43",
90285,LITU90285A,LITU90285A_shifted,LITU,included,low correlation,1927,2012,-5,low,,"very narrow rings from late 90s on, difficult to see correlation, narrow 1977, very narrow 1991",most recent rings missing,high at +7 as well
90285,LITU90285B,LITU90285B_shifted,LITU,included,"(-6 was too far back and doesn't make sense, added +3)",1946,2011,-6,low,,"very narrow from late 90s on, narrow 1977",most recent rings missing,
90607,litu90607A,litu90607A_shifted,LITU,included,very low correlation,1919,2009,-7,low,,Not great correlation and -7 seems unlikely,Easy to see until 2000 and beyond,
90607,litu90607B,litu90607B,LITU,included,very low correlation,1926,2015,,low,,no great correlation,could combine 1960,
92360,litu92360A,litu92360A,LITU,included,low correlation,1920,2015,,medium,,seems close to a good fit; some years could shift -1,,
92360,litu92360B,litu92360B,LITU,included,low correlation,1920,2015,,medium,,first years correlate well; gets very narrow in 90s and 00s - I think that's why it suggest -9 shift later,,
92442,litu92442A,litu92442A_shifted,LITU,included,,1940,2010,-5,high,,good correlation,Problem: 2010 death date,
92442,litu92442B,litu92442B_shifted,LITU,included,"shifted back +2 (was shifted -7, too far back, core could make sense at -5, but not -7)",1929,2008,-7,medium,Lost 1 ring in 1970s ,pretty good fit; some segments have a +2 suggestion that should maybe be resolved,Missing rings/bark at newest years,
150593,nysy150593B,nysy150593B,NYSY,included,,1969,2015,,low,,shift 9? Split 97?,mostly visible; not sure if last segment is bark or poorly mounted rings,
162005,nysy162005A,nysy162005A,NYSY,included,,1905,3015,,low,added a ring in 70s,mayb -4 shift?, split 1990?; could see most rings very well,
162005,nysy162005B,nysy162005B,NYSY,included,,1874,2015,,low,"Added 1 ring in 1910s, 1990s, and 2000s; Lost 1 in 1970s",no pattern," could split: 1922,1930,1940, 1900. Lots of uncertainty, low confidence in my ring counting",
182212,nysy182212A,nysy182212A,NYSY,included,,1925,2015,,low,,no good correlation,can see pretty well until nearest years,
182212,nysy182212B,nysy182212B,NYSY,included,,1932,2015,,low,"Added 1 in 70s and in 80s, lost 1 in 90s and in 00s","shift -4 okay, but not all segments agree",,
190908,nysy190908A,nysy190908A,NYSY,included,,1889,2015,,low, lost 2 rings in 1890s and 1 in 1920s,try -6 or -10 shift,"Hard to see newest years; could split 1900, 1905",
190908,nysy190908B,nysy190908B,NYSY,included,,1898,2015,, low,"Added 2 in 1900s, 2 in 70s, 2 in 19902, lost 1 in 80s",maybe -8?,,
190910,nysy190910A,nysy190910A,NYSY,included,,1928,2015,,low,Added 4 rings in 40s and 50s,no great fit; some correlation with -11,,
190910,nysy190910B,nysy190910B,NYSY,included,,1914,2015,,low,"Added 1 in 00s,2 in 40s, 1 in 60s, 1 in 90s",maybe -8? ,could comb 65+66; could split 1929,
122275,Pist122275A,Pist122275A,PIST,included,,1953,2015,0,low,,does not match well,,
122275,Pist122275B,Pist122275B,PIST,included,,1949,2015,0,low,,does not match well; could maybe add 1 or 9,,
152150,ploc152150A,ploc152150A,PLOC,included,,1898,2015,0,low,Added 2 between 00 and 10,no clear correlation; probable measurement errors,"could combine 1918+17, 15+14, 1907+06, 1905+04 or split 1901, 1929, 1960, 2002; I treid splitting 29 and 60 (""remeasured""); needs more work",
152150,ploc152150B,ploc152150B,PLOC,included,"missing outer years, -5 to better match A",1906,2015,0,low,"Lost 1 in 80s, gained one after 2010",no good consistent correlation," try combining 1964+65 or splitting 1926,31,43,48",
70260,prav70260A,prav70260A_shifted,PRAV,included,,1956,2014,-1,medium, lost 3 rings in the 70s,not significant but matches year,"Tried combining 1961+2, 64+5, 66+7 and made it worse; could split some in the 50s;Use ""shifted"" version",
70260,prav70260B,prav70260B_shifted,PRAV,included,,1950,2006,-9,medium,,not signifcant,"could split 2013, 2001, 67,65,68, some in 70s",
80037,prav80037A,prav80037A,PRAV,included,,1963,2015,0,low,,try -4 shift,,
80037,prav80037B,prav80037B_shifted,PRAV,included,"very low correlation, core not in the best condition",1954,2021,6,medium,,really good correlation with shift,Not sure where to get rid of 8 rings,
132177,Qual132177A,Qual132177A_shifted,QUAL,included,,1937,2011,-4,medium,Shifted +1 at end because I ended on 2014,Correlation ok; big gap and hard to see at end,,
132177,Qual132177B,Qual132177B,QUAL,included,,1943,2015,,low,,No clear pattern,After 1990: rings very difficult to see,
161573,Qual161573A,Qual161573A_shifted,QUAL,included,,1950,2016,1,medium,,,Problem: 2017 death now. Maybe 2016 is not a ring; bark cut off end - possible missing rings; not enough years for good correlation,
161573,Qual161573B,Qual161573B,QUAL,included,(should be last year 2016 not 2015),1965,2015,,low,,no concensus; try with qual_drop,,
32138,Qual32138A,Qual32138A,QUAL,included,,1860,2015,0,high,,,,
32138,Qual32138B,Qual32138B,QUAL,included,,1870,2015,0,medium,,"3 series match well, 3 series suggest a -10 shift",,
60507,Qual60507A,Qual60507A,QUAL,included,,1902,2016,,low,,No clear match,Counted last pore as 2016 partial; Could be errors in 2010-11 and 1902-1910,
60507,Qual60507B,Qual60507B,QUAL,included,"shift back to +2 (end year 2015), should not have been shifted",1871,2016,,low,,"Shift -3, 4, -1? Tried combining 1912&13 and 1909&10 (rev); tried shifting -3 (shifted). Needs more work",,
152559,qumi152559A,qumi152559A_shifted,QUMI,included,,1826,2016,1,medium,Added 1 bt 1850-60; 9 after 1990,some correlation,Low confidence for newest ring measurements - hard to see!,
152559,qumi152559B,qumi152559B_shifted,QUMI,included,"unclear why 6 years were added, not blank years either, shifted -3 to match A",1822,2012,-3,low,Added 6 after 1990,some correlation but not after 1900,Rings all very narrow after 1960,
180960,Qupr180960A,Qupr180960A_shifted,QUPR,rejected,"rotted core, missing outer rings, possibly many outer rings",1916,2016,1,medium,,some segments correlate; others suggest +7,,
180960,Qupr180960B,Qupr180960B_shifted,QUPR,rejected,"rotted core, missing outer rings, possibly many outer rings",1885,2002,-13,low,,Not clear correlation;missing rings and bark at end,1904 to 2000 marked well; after that sanding revealed more rings. Shifted series after measuring those,
22612,Qupr22612A,Qupr22612A_shifted,QUPR,rejected,"very narrow rings, large crack and some rot, possibly measured wrong",1963,2014,-1,medium,,somewhat matches,,
22612,Qupr22612B,Qupr22612B_shifted,QUPR,rejected,"rotted core, low quality and compressed",1960,2012,-3,medium,,,From 2000 later - marked well; sanding showed newest rings; shifted after measuring,
32513,Qupr32513A,Qupr32513A,QUPR,NA,duplicate,1961,2015,,low,,does not match well,Problem: missing newest rings and bark,
32513,Qupr32513B,Qupr32513B_shifted,QUPR,NA,duplicate,1953,2016,1,low,,could shift -3; short timespan,markings all good,
50434,Qupr50434A,Qupr50434A_shifted,QUPR,included,low correlation,1940,2012,-3,high,,2 segments match well,,
50434,Qupr50434B,Qupr50434B_shifted,QUPR,included,should not have been shifted -8,1931,2007,-8,high,,good correlation,Good markings until 2010; new rings not measurable,
80465,Qupr80465A,Qupr80465A,QUPR,included,,1919,2015,,low,,difficult to count rings; not a great match,,
80465,Qupr80465B,Qupr80465B,QUPR,included,,1936,2015,,medium,,Some correlation; +4 might be a better fit,,
120911,Quru120911A,Quru120911A,QURU,rejected,"outer rings rotted, warped rings",1938,2015,0,medium,,,,
120911,quru120911B,quru120911B,QURU,included,"good match at -1, possibly last ring is missed or not formed, very narrow rings. Measurement does not seem to match core, might need to remeasure.",1918,2015,0,low,,no great fits; try measuring other direction,measured from 1919,
121310,Quru121310A,Quru121310A,QURU,included,,1928,2015,,high,,Significant in all series except most recent,,
121310,Quru121310B,Quru121310B,QURU,included,,1930,2015,,high,,"Not always statistically significant, but closest match",,
130941,Quru130941A,Quru130941A,QURU,"core mounted incorrectly, unclear how it was measured","outer years missing, core in piecies, sections missing",1933,2015,,low,,no good match; possibly -2,,
130941,Quru130941B,Quru130941B,QURU,rejected,"outer years missing, core in piecies, sections missing",1936,2015,,low,,maybe shift -6?,,
190525,Quru190525A,Quru190525A_shifted,QURU,rejected,"outer rings compressed by borer, ring rotted",1958,2015,-1,medium,,"Once I combined 1989 and 1990 (""rev"" version, correlated really well",,
190525,Quru190525B,Quru190525B,QURU,rejected,"outer rings compressed by borer, missing and damaged pieces",1956,2016,0,low,,,,
190907,Quru190907A,Quru190907A,QURU,included,,1893,2015,0,medium,,,,
190907,Quru190907B,Quru190907B_shifted,QURU,included,,1895,2011,-4,medium,,,,
30343,Quru30343A,Quru30343A_shifted,QURU,included,,1934,2015,-1,high,,,,
30343,Quru30343B,Quru30343B,QURU,included,,1930,2015,0,high,,,,
110920,Quve110920A,Quve110920A,QUVE,included,,1918,2015,0,high,,,,
110920,Quve110920B,Quve110920B,QUVE,included,,1923,2015,0,high,,,,
112440,Quve112440A,Quve112440A_shifted,QUVE,included,,1924,2014,-1,high,,,,
112440,Quve112440B,Quve112440B_shifted,QUVE,included,,1919,2012,-3,high,,,,
132530,quve132530A,quve132530A_shifted,QUVE,rejected,rotted core in pieces,1918,1990,-16,low,"Added 1 bt 40-50, 1 bt 50 and 60",some correlation after shift but not sure if that makes sense," NOTE: sample twisted/rotten, newest rings full of gaps; not trustworthy after 1960 ",
132530,Quve132530B,Quve132530B_shifted,QUVE,included,,1938,2006,-10,medium,,,missing newest rings,
152651,Quve152651A,Quve152651A,QUVE,included,,1925,2015,0,high,,,,
152651,Quve152651B,Quve152651B,QUVE,included,,1926,2015,0,high,,,,
160921,Quve160921A,Quve160921A_shifted,QUVE,included,,1924,2007,-8,high,,,missing newest rings,
160921,Quve160921B,Quve160921B_shifed,QUVE,included,,1937,2013,-2,high,,,missing newest rings,
180778,quve180778A,quve180778A_shifted,QUVE,included,,1943,2013,-2,medium,,some correlation; maybe add 1 to newest years?,rings easy to see; had to stop at branch intrusion,
180778,quve180778B,Quve180778B_shifted,QUVE,rejected,damaged core,1911,2012,-3,medium,,somewhat matches after shifted down 3; newest rings hard to see ,,
190830,Quve190830A,Quve190830A_shifted,QUVE,included,,1950,2012,-3,high,,,missing newest rings; lots of uncertainty with 2000 onward measurements,
190830,Quve190830A,Quve190830A_shifted,QUVE,included,,1950,2012,-3,high,,,,
190830,Quve190830B,Quve190830B_shifted,QUVE,included,,1936,2009,-6,high,,,missing newest rings; matches well after shift,
190830,Quve190830B,Quve190830B_shifted,QUVE,included,,1936,2009,-6,high,,,,
42304,Quve42304A,Quve42304A_shifted,QUVE,included,,1919,2014,-1,high,,correlates well after shift,,
42304,Quve42304B,Quve42304B_rev,QUVE,included,,1921,2015,,high,,,,
132276,Saal132276A,Saal132276A,SAAL,included,,1960,2016,0,low,,does not correlate well; could try shifting -2,,
132276,saal132276B,saal132276B_shifted,SAAL,included,,1963,2015,-1,medium,,some correlation,bark missing at end,
190643,saal190643A,saal190643A_rev,SAAL,included,,1941,2015,1,medium,rev version: combined 2 newest rings then shifted forward 1. ,,Barks and possible rings missing,
190643,Saal190643B,Saal190643B,SAAL,included,,1953,2015,0,low,,does not match well,missing bark and possible rings,
60148,Saal60148A,Saal60148A,SAAL,included,,1962,2015,0,low,,,,
60148,Saal60148B,Saal60148B,SAAL,included,,1960,2015,0,low,,does not match well,,
22198,tiam22198A,tiam22198A,TIAM,included,,1951,2015,0,medium,Lost 1 after 2010,some correlation if you shift -6 using litu_drop,,
22198,tiam22198B,tiam22198B,TIAM,rejected,"core in poor condition, rotted and twisted",1928,2015,0,low,,no good correlation,could try splitting 1980 and 1990,
10292,ulru10292A,ulru10292A,ULRU,included,,1984,2016,,medium,,some correlation but short timespan,"2000s uncertain: gap, hard to see; need to rotate one piece",
10292,ulru10292B,ulru10292B_shifted,ULRU,included,,1937,2023,8,medium,,pretty good correlation after shift; needs some work (split 2 at end?),Mostly easy to see,
122347,ulru122347A,ulru122347A,ULRU,included,,1956,2015,,low,,not significant correlation; short timespan,"can't see bark, very short segment",
122347,ulru122347B,ulru122347B,ULRU,included,,1960,2015,,low,,"good correlation at -17, but does not make sense",,
171221,ulru171221A,ulru171221A_shifted,ULRU,included,,1934,2010,-5,medium,,great correlation with -5 shift,"Tried shifting and splitting rings (""remeasured""), still suggested -5 shift. Missing rings must be newer?",
171221,ulru171221B,ulru171221B,ULRU,included,,1931,2015,,low,,no good correlation,"originally lost 4 rings (+4 shift) during 50s-70s, put back in for ""remeasured""; neither fit well; hard to see - core rotten",
172113,ulru172113A,ulru172113A,ULRU,included,,1985,2015,,low,,no good correlation,rings missing at end; too short a timespan for cofecha,
172113,ulru172113B,ulru172113B,ULRU,included,,1973,2015,,low,,no good correlation,missing rings in newest years likely,
182501,ulru182501A,ulru182501A,ULRU,included,,1951,2015,,low,,no good correlation,,
182710,ulru182710A,ulru182710A_shifted,ULRU,included,,1954,2017,2,medium,very difficult to see in 50s-70s; lost a ring during this period,ok correlation with shift; tried remeasuring to explain +2 shift and got worse results,,
182710,ulru182710B,ulru182710B_remeasured,ULRU,included,,1941,2016,,medium,,some correlation,60s and 70s hard to see; could split 08 into 2; I remeasured all of 1960s: used remeasured version,
192561,ulru192561A,ulru192561A_shifted,ULRU,included,,1959,2014,-1,low,,"not significant, short timespan",In shifted I combined a ring after 2000; part of core was mounted improperly and difficult to see,
192561,ulru192561B,ulru192561B,ULRU,included,,1957,2015,,low,,suggests +3 but that doesn't make sense; also correlation is low,missing bark and probable newest years,
202734,ulru202734A,ulru202734A_shifted,ULRU,included,,1957,2004,-11,medium,Added 2 rings bt 80 and 90; ,"significant correlation, but very short timespan",rotten sample: hard to see and gaps in areas,
202734,ulru202734B,ulru202734B,ULRU,included,,1964,2015,,low,,no good correlation; also hard to see,pieces put together poorly; only measured 1 complete segment,
40883,ulru40883A,ulru40883A_shifted,ULRU,included,,1973,2012,-3,medium,,"good correlation, but short timespan",mising bark,
40883,ulru40883B,ulru40883B_shifted,ULRU,included,,1972,2013,-2,medium,added 1 at 2015 and shifted -1,good correlation,,
90069,ulru90069A,ulru90069A,ULRU,included,,1934,2015,,low,"Added 3 rings during 50s, 2 during 90s, 1 during 00s",Shift -5 ok correlation but needs work,could add ring at 2007 or comb 96+97,
90069,ulru90069B,ulru90069B,ULRU,included,,1944,2015,,low,markings off by 10; shifted at end;,no great correlation, hard to see 2000s,
